2026-03-24 12:09:51 [INFO] SQLiteStorage: SQLite 연결 완료: kbo_data.db
2026-03-24 12:09:51 [INFO] DefRunner: ==================================================
2026-03-24 12:09:51 [INFO] DefRunner: fielding_basic — 수비 기본 기록
2026-03-24 12:09:51 [INFO] DefRunner: 전체: 1개 연도 (2025~2025)
2026-03-24 12:09:51 [INFO] DefRunner: 건너뜀: 0개 (이미 DB에 있음)
2026-03-24 12:09:51 [INFO] DefRunner: 크롤링: 1개
2026-03-24 12:09:51 [INFO] DefRunner: ==================================================
2026-03-24 12:09:51 [INFO] DefRunner: [fielding_basic] 2025년 수집 시작
2026-03-24 12:09:51 [ERROR] DefRunner: [fielding_basic] 2025년 에러: 'KBOSeasonScraper' object has no attribute '_post_ajax'
2026-03-24 12:09:52 [INFO] DefRunner: 
[fielding_basic] 결과: 성공 0, 실패 1
2026-03-24 12:09:52 [INFO] DefRunner: ==================================================
2026-03-24 12:09:52 [INFO] DefRunner: runner_basic — 주루 기본 기록
2026-03-24 12:09:52 [INFO] DefRunner: 전체: 1개 연도 (2025~2025)
2026-03-24 12:09:52 [INFO] DefRunner: 건너뜀: 0개 (이미 DB에 있음)
2026-03-24 12:09:52 [INFO] DefRunner: 크롤링: 1개
2026-03-24 12:09:52 [INFO] DefRunner: ==================================================
2026-03-24 12:09:52 [INFO] DefRunner: [runner_basic] 2025년 수집 시작
2026-03-24 12:09:52 [ERROR] DefRunner: [runner_basic] 2025년 에러: 'KBOSeasonScraper' object has no attribute '_post_ajax'
2026-03-24 12:09:53 [INFO] DefRunner: 
[runner_basic] 결과: 성공 0, 실패 1
2026-03-24 12:09:53 [INFO] SQLiteStorage: SQLite 연결 종료
2026-03-24 12:12:42 [INFO] SQLiteStorage: SQLite 연결 완료: kbo_data.db
2026-03-24 12:12:42 [INFO] DefRunner: ==================================================
2026-03-24 12:12:42 [INFO] DefRunner: fielding_basic — 수비 기본 기록
2026-03-24 12:12:42 [INFO] DefRunner: 전체: 1개 연도 (2025~2025)
2026-03-24 12:12:42 [INFO] DefRunner: 건너뜀: 0개 (이미 DB에 있음)
2026-03-24 12:12:42 [INFO] DefRunner: 크롤링: 1개
2026-03-24 12:12:42 [INFO] DefRunner: ==================================================
2026-03-24 12:12:42 [INFO] DefRunner: [fielding_basic] 2025년 수집 시작
2026-03-24 12:12:42 [WARNING] KBOSeasonScraper: AJAX 에러: pageRedirect 감지
2026-03-24 12:12:43 [WARNING] DefRunner: [fielding_basic] 2025년 데이터 없음
2026-03-24 12:12:44 [INFO] DefRunner: 
[fielding_basic] 결과: 성공 0, 실패 1
2026-03-24 12:12:44 [INFO] DefRunner: ==================================================
2026-03-24 12:12:44 [INFO] DefRunner: runner_basic — 주루 기본 기록
2026-03-24 12:12:44 [INFO] DefRunner: 전체: 1개 연도 (2025~2025)
2026-03-24 12:12:45 [INFO] DefRunner: 건너뜀: 0개 (이미 DB에 있음)
2026-03-24 12:12:45 [INFO] DefRunner: 크롤링: 1개
2026-03-24 12:12:45 [INFO] DefRunner: ==================================================
2026-03-24 12:12:45 [INFO] DefRunner: [runner_basic] 2025년 수집 시작
2026-03-24 12:12:45 [WARNING] KBOSeasonScraper: AJAX 에러: pageRedirect 감지
2026-03-24 12:12:46 [WARNING] DefRunner: [runner_basic] 2025년 데이터 없음
2026-03-24 12:12:47 [INFO] DefRunner: 
[runner_basic] 결과: 성공 0, 실패 1
2026-03-24 12:12:47 [INFO] SQLiteStorage: SQLite 연결 종료
2026-03-24 12:14:13 [INFO] SQLiteStorage: SQLite 연결 완료: kbo_data.db
2026-03-24 12:14:13 [INFO] DefRunner: ==================================================
2026-03-24 12:14:13 [INFO] DefRunner: fielding_basic — 수비 기본 기록
2026-03-24 12:14:13 [INFO] DefRunner: 전체: 1개 연도 (2025~2025)
2026-03-24 12:14:13 [INFO] DefRunner: 건너뜀: 0개 (이미 DB에 있음)
2026-03-24 12:14:13 [INFO] DefRunner: 크롤링: 1개
2026-03-24 12:14:13 [INFO] DefRunner: ==================================================
2026-03-24 12:14:13 [INFO] DefRunner: [fielding_basic] 2025년 수집 시작
2026-03-24 12:14:14 [WARNING] DefRunner: [fielding_basic] 2025년 데이터 없음
2026-03-24 12:14:15 [INFO] DefRunner: 
[fielding_basic] 결과: 성공 0, 실패 1
2026-03-24 12:14:15 [INFO] DefRunner: ==================================================
2026-03-24 12:14:15 [INFO] DefRunner: runner_basic — 주루 기본 기록
2026-03-24 12:14:15 [INFO] DefRunner: 전체: 1개 연도 (2025~2025)
2026-03-24 12:14:15 [INFO] DefRunner: 건너뜀: 0개 (이미 DB에 있음)
2026-03-24 12:14:15 [INFO] DefRunner: 크롤링: 1개
2026-03-24 12:14:15 [INFO] DefRunner: ==================================================
2026-03-24 12:14:15 [INFO] DefRunner: [runner_basic] 2025년 수집 시작
2026-03-24 12:14:16 [WARNING] DefRunner: [runner_basic] 2025년 데이터 없음
2026-03-24 12:14:17 [INFO] DefRunner: 
[runner_basic] 결과: 성공 0, 실패 1
2026-03-24 12:14:17 [INFO] SQLiteStorage: SQLite 연결 종료
2026-03-24 12:18:54 [INFO] SQLiteStorage: SQLite 연결 완료: kbo_data.db
2026-03-24 12:18:54 [INFO] DefRunner: ==================================================
2026-03-24 12:18:54 [INFO] DefRunner: fielding_basic — 수비 기본 기록
2026-03-24 12:18:54 [INFO] DefRunner: 전체: 1개 연도 (2025~2025)
2026-03-24 12:18:54 [INFO] DefRunner: 건너뜀: 0개 (이미 DB에 있음)
2026-03-24 12:18:54 [INFO] DefRunner: 크롤링: 1개
2026-03-24 12:18:54 [INFO] DefRunner: ==================================================
2026-03-24 12:18:54 [INFO] DefRunner: [fielding_basic] 2025년 수집 시작
2026-03-24 12:18:55 [WARNING] DefRunner: [fielding_basic] 2025년 데이터 없음
2026-03-24 12:18:56 [INFO] DefRunner: 
[fielding_basic] 결과: 성공 0, 실패 1
2026-03-24 12:18:56 [INFO] DefRunner: ==================================================
2026-03-24 12:18:56 [INFO] DefRunner: runner_basic — 주루 기본 기록
2026-03-24 12:18:56 [INFO] DefRunner: 전체: 1개 연도 (2025~2025)
2026-03-24 12:18:56 [INFO] DefRunner: 건너뜀: 0개 (이미 DB에 있음)
2026-03-24 12:18:56 [INFO] DefRunner: 크롤링: 1개
2026-03-24 12:18:56 [INFO] DefRunner: ==================================================
2026-03-24 12:18:56 [INFO] DefRunner: [runner_basic] 2025년 수집 시작
2026-03-24 12:18:56 [WARNING] DefRunner: [runner_basic] 2025년 데이터 없음
2026-03-24 12:18:57 [INFO] DefRunner: 
[runner_basic] 결과: 성공 0, 실패 1
2026-03-24 12:18:57 [INFO] SQLiteStorage: SQLite 연결 종료
2026-03-24 12:24:03 [INFO] SQLiteStorage: SQLite 연결 완료: kbo_data.db
2026-03-24 12:24:03 [INFO] DefRunner: ==================================================
2026-03-24 12:24:03 [INFO] DefRunner: fielding_basic — 수비 기본 기록
2026-03-24 12:24:03 [INFO] DefRunner: 전체: 45개 연도 (1982~2026)
2026-03-24 12:24:03 [INFO] DefRunner: 건너뜀: 0개 (이미 DB에 있음)
2026-03-24 12:24:03 [INFO] DefRunner: 크롤링: 45개
2026-03-24 12:24:03 [INFO] DefRunner: ==================================================
2026-03-24 12:24:03 [INFO] DefRunner: [fielding_basic] 1982년 수집 시작
2026-03-24 12:24:03 [INFO] KBOSeasonScraper: [fielding_basic] 전체 순위 크롤링 시작 (연도: 1982)
2026-03-24 12:24:03 [WARNING] KBOSeasonScraper: AJAX 에러: pageRedirect 감지
2026-03-24 12:24:03 [WARNING] DefRunner: [fielding_basic] 1982년 데이터 없음
2026-03-24 12:24:04 [INFO] DefRunner: [fielding_basic] 1983년 수집 시작
2026-03-24 12:24:04 [INFO] KBOSeasonScraper: [fielding_basic] 전체 순위 크롤링 시작 (연도: 1983)
2026-03-24 12:24:04 [WARNING] KBOSeasonScraper: AJAX 에러: pageRedirect 감지
2026-03-24 12:24:04 [WARNING] DefRunner: [fielding_basic] 1983년 데이터 없음
2026-03-24 12:24:05 [INFO] DefRunner: [fielding_basic] 1984년 수집 시작
2026-03-24 12:24:05 [INFO] KBOSeasonScraper: [fielding_basic] 전체 순위 크롤링 시작 (연도: 1984)
2026-03-24 12:24:06 [WARNING] KBOSeasonScraper: AJAX 에러: pageRedirect 감지
2026-03-24 12:24:06 [WARNING] DefRunner: [fielding_basic] 1984년 데이터 없음
2026-03-24 12:24:07 [INFO] DefRunner: [fielding_basic] 1985년 수집 시작
2026-03-24 12:24:07 [INFO] KBOSeasonScraper: [fielding_basic] 전체 순위 크롤링 시작 (연도: 1985)
2026-03-24 12:24:07 [WARNING] KBOSeasonScraper: AJAX 에러: pageRedirect 감지
2026-03-24 12:24:07 [WARNING] DefRunner: [fielding_basic] 1985년 데이터 없음
2026-03-24 12:24:08 [INFO] DefRunner: [fielding_basic] 1986년 수집 시작
2026-03-24 12:24:08 [INFO] KBOSeasonScraper: [fielding_basic] 전체 순위 크롤링 시작 (연도: 1986)
2026-03-24 12:24:08 [WARNING] KBOSeasonScraper: AJAX 에러: pageRedirect 감지
2026-03-24 12:24:08 [WARNING] DefRunner: [fielding_basic] 1986년 데이터 없음
2026-03-24 12:24:09 [INFO] DefRunner: [fielding_basic] 1987년 수집 시작
2026-03-24 12:24:09 [INFO] KBOSeasonScraper: [fielding_basic] 전체 순위 크롤링 시작 (연도: 1987)
2026-03-24 12:24:09 [WARNING] KBOSeasonScraper: AJAX 에러: pageRedirect 감지
2026-03-24 12:24:09 [WARNING] DefRunner: [fielding_basic] 1987년 데이터 없음
2026-03-24 12:24:10 [INFO] DefRunner: [fielding_basic] 1988년 수집 시작
2026-03-24 12:24:10 [INFO] KBOSeasonScraper: [fielding_basic] 전체 순위 크롤링 시작 (연도: 1988)
2026-03-24 12:24:10 [WARNING] KBOSeasonScraper: AJAX 에러: pageRedirect 감지
2026-03-24 12:24:10 [WARNING] DefRunner: [fielding_basic] 1988년 데이터 없음
2026-03-24 12:24:11 [INFO] DefRunner: [fielding_basic] 1989년 수집 시작
2026-03-24 12:24:11 [INFO] KBOSeasonScraper: [fielding_basic] 전체 순위 크롤링 시작 (연도: 1989)
2026-03-24 12:24:11 [WARNING] KBOSeasonScraper: AJAX 에러: pageRedirect 감지
2026-03-24 12:24:11 [WARNING] DefRunner: [fielding_basic] 1989년 데이터 없음
2026-03-24 12:24:12 [INFO] DefRunner: [fielding_basic] 1990년 수집 시작
2026-03-24 12:24:12 [INFO] KBOSeasonScraper: [fielding_basic] 전체 순위 크롤링 시작 (연도: 1990)
2026-03-24 12:24:12 [WARNING] KBOSeasonScraper: AJAX 에러: pageRedirect 감지
2026-03-24 12:24:12 [WARNING] DefRunner: [fielding_basic] 1990년 데이터 없음
2026-03-24 12:24:13 [INFO] DefRunner: [fielding_basic] 1991년 수집 시작
2026-03-24 12:24:13 [INFO] KBOSeasonScraper: [fielding_basic] 전체 순위 크롤링 시작 (연도: 1991)
2026-03-24 12:24:13 [WARNING] KBOSeasonScraper: AJAX 에러: pageRedirect 감지
2026-03-24 12:24:13 [WARNING] DefRunner: [fielding_basic] 1991년 데이터 없음
2026-03-24 12:24:14 [INFO] DefRunner: [fielding_basic] 1992년 수집 시작
2026-03-24 12:24:14 [INFO] KBOSeasonScraper: [fielding_basic] 전체 순위 크롤링 시작 (연도: 1992)
2026-03-24 12:24:14 [WARNING] KBOSeasonScraper: AJAX 에러: pageRedirect 감지
2026-03-24 12:24:14 [WARNING] DefRunner: [fielding_basic] 1992년 데이터 없음
2026-03-24 12:24:15 [INFO] DefRunner: [fielding_basic] 1993년 수집 시작
2026-03-24 12:24:15 [INFO] KBOSeasonScraper: [fielding_basic] 전체 순위 크롤링 시작 (연도: 1993)
2026-03-24 12:24:15 [WARNING] KBOSeasonScraper: AJAX 에러: pageRedirect 감지
2026-03-24 12:24:15 [WARNING] DefRunner: [fielding_basic] 1993년 데이터 없음
2026-03-24 12:24:16 [INFO] DefRunner: [fielding_basic] 1994년 수집 시작
2026-03-24 12:24:16 [INFO] KBOSeasonScraper: [fielding_basic] 전체 순위 크롤링 시작 (연도: 1994)
2026-03-24 12:24:17 [WARNING] KBOSeasonScraper: AJAX 에러: pageRedirect 감지
2026-03-24 12:24:17 [WARNING] DefRunner: [fielding_basic] 1994년 데이터 없음
2026-03-24 12:24:18 [INFO] DefRunner: [fielding_basic] 1995년 수집 시작
2026-03-24 12:24:18 [INFO] KBOSeasonScraper: [fielding_basic] 전체 순위 크롤링 시작 (연도: 1995)
2026-03-24 12:24:18 [WARNING] KBOSeasonScraper: AJAX 에러: pageRedirect 감지
2026-03-24 12:24:18 [WARNING] DefRunner: [fielding_basic] 1995년 데이터 없음
2026-03-24 12:24:18 [INFO] DefRunner: 사용자 중단
2026-03-24 12:24:18 [INFO] SQLiteStorage: SQLite 연결 종료
2026-03-24 12:25:06 [INFO] SQLiteStorage: SQLite 연결 완료: kbo_data.db
2026-03-24 12:25:06 [INFO] DefRunner: ==================================================
2026-03-24 12:25:06 [INFO] DefRunner: fielding_basic — 수비 기본 기록
2026-03-24 12:25:06 [INFO] DefRunner: 전체: 25개 연도 (2001~2025)
2026-03-24 12:25:06 [INFO] DefRunner: 건너뜀: 0개 (이미 DB에 있음)
2026-03-24 12:25:06 [INFO] DefRunner: 크롤링: 25개
2026-03-24 12:25:06 [INFO] DefRunner: ==================================================
2026-03-24 12:25:06 [INFO] DefRunner: [fielding_basic] 2001년 수집 시작
2026-03-24 12:25:06 [INFO] KBOSeasonScraper: [fielding_basic] 전체 순위 크롤링 시작 (연도: 2001)
2026-03-24 12:25:06 [INFO] KBOSeasonScraper:   [fielding_basic] 2/5 페이지...
2026-03-24 12:25:06 [WARNING] KBOSeasonScraper: AJAX 에러: pageRedirect 감지
2026-03-24 12:25:06 [WARNING] KBOSeasonScraper:   [fielding_basic] 2페이지 실패, 건너뜀
2026-03-24 12:25:06 [INFO] KBOSeasonScraper:   [fielding_basic] 3/5 페이지...
2026-03-24 12:25:06 [WARNING] KBOSeasonScraper: AJAX 에러: pageRedirect 감지
2026-03-24 12:25:06 [WARNING] KBOSeasonScraper:   [fielding_basic] 3페이지 실패, 건너뜀
2026-03-24 12:25:06 [INFO] KBOSeasonScraper:   [fielding_basic] 4/5 페이지...
2026-03-24 12:25:06 [WARNING] KBOSeasonScraper: AJAX 에러: pageRedirect 감지
2026-03-24 12:25:06 [WARNING] KBOSeasonScraper:   [fielding_basic] 4페이지 실패, 건너뜀
2026-03-24 12:25:06 [INFO] KBOSeasonScraper:   [fielding_basic] 5/5 페이지...
2026-03-24 12:25:06 [WARNING] KBOSeasonScraper: AJAX 에러: pageRedirect 감지
2026-03-24 12:25:06 [WARNING] KBOSeasonScraper:   [fielding_basic] 5페이지 실패, 건너뜀
2026-03-24 12:25:06 [INFO] KBOSeasonScraper: [fielding_basic] 전체 순위 크롤링 완료 — 30명
2026-03-24 12:25:06 [INFO] data_parser: [fielding_basic] 데이터 정제 시작 (30개 행)
2026-03-24 12:25:06 [INFO] data_parser: [fielding_basic] 데이터 정제 완료 — 30행 × 20열, 숫자 컬럼 14개
2026-03-24 12:25:06 [INFO] SQLiteStorage: SQLite 저장 완료: kbo_fielding_basic_2001 (30행)
2026-03-24 12:25:06 [INFO] DefRunner: [fielding_basic] 2001년 완료: 30행 → kbo_fielding_basic_2001
2026-03-24 12:25:07 [INFO] DefRunner: [fielding_basic] 2002년 수집 시작
2026-03-24 12:25:07 [INFO] KBOSeasonScraper: [fielding_basic] 전체 순위 크롤링 시작 (연도: 2002)
2026-03-24 12:25:08 [INFO] KBOSeasonScraper:   [fielding_basic] 2/5 페이지...
2026-03-24 12:25:08 [WARNING] KBOSeasonScraper: AJAX 에러: pageRedirect 감지
2026-03-24 12:25:08 [WARNING] KBOSeasonScraper:   [fielding_basic] 2페이지 실패, 건너뜀
2026-03-24 12:25:08 [INFO] KBOSeasonScraper:   [fielding_basic] 3/5 페이지...
2026-03-24 12:25:08 [WARNING] KBOSeasonScraper: AJAX 에러: pageRedirect 감지
2026-03-24 12:25:08 [WARNING] KBOSeasonScraper:   [fielding_basic] 3페이지 실패, 건너뜀
2026-03-24 12:25:08 [INFO] KBOSeasonScraper:   [fielding_basic] 4/5 페이지...
2026-03-24 12:25:08 [WARNING] KBOSeasonScraper: AJAX 에러: pageRedirect 감지
2026-03-24 12:25:08 [WARNING] KBOSeasonScraper:   [fielding_basic] 4페이지 실패, 건너뜀
2026-03-24 12:25:08 [INFO] KBOSeasonScraper:   [fielding_basic] 5/5 페이지...
2026-03-24 12:25:08 [WARNING] KBOSeasonScraper: AJAX 에러: pageRedirect 감지
2026-03-24 12:25:08 [WARNING] KBOSeasonScraper:   [fielding_basic] 5페이지 실패, 건너뜀
2026-03-24 12:25:08 [INFO] KBOSeasonScraper: [fielding_basic] 전체 순위 크롤링 완료 — 30명
2026-03-24 12:25:08 [INFO] data_parser: [fielding_basic] 데이터 정제 시작 (30개 행)
2026-03-24 12:25:08 [INFO] data_parser: [fielding_basic] 데이터 정제 완료 — 30행 × 20열, 숫자 컬럼 14개
2026-03-24 12:25:08 [INFO] SQLiteStorage: SQLite 저장 완료: kbo_fielding_basic_2002 (30행)
2026-03-24 12:25:08 [INFO] DefRunner: [fielding_basic] 2002년 완료: 30행 → kbo_fielding_basic_2002
2026-03-24 12:25:09 [INFO] DefRunner: [fielding_basic] 2003년 수집 시작
2026-03-24 12:25:09 [INFO] KBOSeasonScraper: [fielding_basic] 전체 순위 크롤링 시작 (연도: 2003)
2026-03-24 12:25:09 [INFO] KBOSeasonScraper:   [fielding_basic] 2/5 페이지...
2026-03-24 12:25:09 [WARNING] KBOSeasonScraper: AJAX 에러: pageRedirect 감지
2026-03-24 12:25:09 [WARNING] KBOSeasonScraper:   [fielding_basic] 2페이지 실패, 건너뜀
2026-03-24 12:25:09 [INFO] KBOSeasonScraper:   [fielding_basic] 3/5 페이지...
2026-03-24 12:25:09 [WARNING] KBOSeasonScraper: AJAX 에러: pageRedirect 감지
2026-03-24 12:25:09 [WARNING] KBOSeasonScraper:   [fielding_basic] 3페이지 실패, 건너뜀
2026-03-24 12:25:09 [INFO] KBOSeasonScraper:   [fielding_basic] 4/5 페이지...
2026-03-24 12:25:09 [WARNING] KBOSeasonScraper: AJAX 에러: pageRedirect 감지
2026-03-24 12:25:09 [WARNING] KBOSeasonScraper:   [fielding_basic] 4페이지 실패, 건너뜀
2026-03-24 12:25:09 [INFO] KBOSeasonScraper:   [fielding_basic] 5/5 페이지...
2026-03-24 12:25:09 [WARNING] KBOSeasonScraper: AJAX 에러: pageRedirect 감지
2026-03-24 12:25:09 [WARNING] KBOSeasonScraper:   [fielding_basic] 5페이지 실패, 건너뜀
2026-03-24 12:25:09 [INFO] KBOSeasonScraper: [fielding_basic] 전체 순위 크롤링 완료 — 30명
2026-03-24 12:25:09 [INFO] data_parser: [fielding_basic] 데이터 정제 시작 (30개 행)
2026-03-24 12:25:09 [INFO] data_parser: [fielding_basic] 데이터 정제 완료 — 30행 × 20열, 숫자 컬럼 14개
2026-03-24 12:25:09 [INFO] SQLiteStorage: SQLite 저장 완료: kbo_fielding_basic_2003 (30행)
2026-03-24 12:25:09 [INFO] DefRunner: [fielding_basic] 2003년 완료: 30행 → kbo_fielding_basic_2003
2026-03-24 12:25:10 [INFO] DefRunner: [fielding_basic] 2004년 수집 시작
2026-03-24 12:25:10 [INFO] KBOSeasonScraper: [fielding_basic] 전체 순위 크롤링 시작 (연도: 2004)
2026-03-24 12:25:11 [INFO] KBOSeasonScraper:   [fielding_basic] 2/5 페이지...
2026-03-24 12:25:11 [WARNING] KBOSeasonScraper: AJAX 에러: pageRedirect 감지
2026-03-24 12:25:11 [WARNING] KBOSeasonScraper:   [fielding_basic] 2페이지 실패, 건너뜀
2026-03-24 12:25:11 [INFO] KBOSeasonScraper:   [fielding_basic] 3/5 페이지...
2026-03-24 12:25:11 [WARNING] KBOSeasonScraper: AJAX 에러: pageRedirect 감지
2026-03-24 12:25:11 [WARNING] KBOSeasonScraper:   [fielding_basic] 3페이지 실패, 건너뜀
2026-03-24 12:25:11 [INFO] KBOSeasonScraper:   [fielding_basic] 4/5 페이지...
2026-03-24 12:25:11 [WARNING] KBOSeasonScraper: AJAX 에러: pageRedirect 감지
2026-03-24 12:25:11 [WARNING] KBOSeasonScraper:   [fielding_basic] 4페이지 실패, 건너뜀
2026-03-24 12:25:11 [INFO] KBOSeasonScraper:   [fielding_basic] 5/5 페이지...
2026-03-24 12:25:11 [WARNING] KBOSeasonScraper: AJAX 에러: pageRedirect 감지
2026-03-24 12:25:11 [WARNING] KBOSeasonScraper:   [fielding_basic] 5페이지 실패, 건너뜀
2026-03-24 12:25:11 [INFO] KBOSeasonScraper: [fielding_basic] 전체 순위 크롤링 완료 — 30명
2026-03-24 12:25:11 [INFO] data_parser: [fielding_basic] 데이터 정제 시작 (30개 행)
2026-03-24 12:25:11 [INFO] data_parser: [fielding_basic] 데이터 정제 완료 — 30행 × 20열, 숫자 컬럼 14개
2026-03-24 12:25:11 [INFO] SQLiteStorage: SQLite 저장 완료: kbo_fielding_basic_2004 (30행)
2026-03-24 12:25:11 [INFO] DefRunner: [fielding_basic] 2004년 완료: 30행 → kbo_fielding_basic_2004
2026-03-24 12:25:12 [INFO] DefRunner: [fielding_basic] 2005년 수집 시작
2026-03-24 12:25:12 [INFO] KBOSeasonScraper: [fielding_basic] 전체 순위 크롤링 시작 (연도: 2005)
2026-03-24 12:25:12 [INFO] KBOSeasonScraper:   [fielding_basic] 2/5 페이지...
2026-03-24 12:25:12 [WARNING] KBOSeasonScraper: AJAX 에러: pageRedirect 감지
2026-03-24 12:25:12 [WARNING] KBOSeasonScraper:   [fielding_basic] 2페이지 실패, 건너뜀
2026-03-24 12:25:12 [INFO] KBOSeasonScraper:   [fielding_basic] 3/5 페이지...
2026-03-24 12:25:12 [WARNING] KBOSeasonScraper: AJAX 에러: pageRedirect 감지
2026-03-24 12:25:12 [WARNING] KBOSeasonScraper:   [fielding_basic] 3페이지 실패, 건너뜀
2026-03-24 12:25:12 [INFO] KBOSeasonScraper:   [fielding_basic] 4/5 페이지...
2026-03-24 12:25:12 [WARNING] KBOSeasonScraper: AJAX 에러: pageRedirect 감지
2026-03-24 12:25:12 [WARNING] KBOSeasonScraper:   [fielding_basic] 4페이지 실패, 건너뜀
2026-03-24 12:25:12 [INFO] KBOSeasonScraper:   [fielding_basic] 5/5 페이지...
2026-03-24 12:25:12 [WARNING] KBOSeasonScraper: AJAX 에러: pageRedirect 감지
2026-03-24 12:25:12 [WARNING] KBOSeasonScraper:   [fielding_basic] 5페이지 실패, 건너뜀
2026-03-24 12:25:12 [INFO] KBOSeasonScraper: [fielding_basic] 전체 순위 크롤링 완료 — 30명
2026-03-24 12:25:12 [INFO] data_parser: [fielding_basic] 데이터 정제 시작 (30개 행)
2026-03-24 12:25:12 [INFO] data_parser: [fielding_basic] 데이터 정제 완료 — 30행 × 20열, 숫자 컬럼 14개
2026-03-24 12:25:12 [INFO] SQLiteStorage: SQLite 저장 완료: kbo_fielding_basic_2005 (30행)
2026-03-24 12:25:12 [INFO] DefRunner: [fielding_basic] 2005년 완료: 30행 → kbo_fielding_basic_2005
2026-03-24 12:25:13 [INFO] DefRunner: [fielding_basic] 2006년 수집 시작
2026-03-24 12:25:13 [INFO] KBOSeasonScraper: [fielding_basic] 전체 순위 크롤링 시작 (연도: 2006)
2026-03-24 12:25:14 [INFO] KBOSeasonScraper:   [fielding_basic] 2/5 페이지...
2026-03-24 12:25:14 [WARNING] KBOSeasonScraper: AJAX 에러: pageRedirect 감지
2026-03-24 12:25:14 [WARNING] KBOSeasonScraper:   [fielding_basic] 2페이지 실패, 건너뜀
2026-03-24 12:25:14 [INFO] KBOSeasonScraper:   [fielding_basic] 3/5 페이지...
2026-03-24 12:25:14 [WARNING] KBOSeasonScraper: AJAX 에러: pageRedirect 감지
2026-03-24 12:25:14 [WARNING] KBOSeasonScraper:   [fielding_basic] 3페이지 실패, 건너뜀
2026-03-24 12:25:14 [INFO] KBOSeasonScraper:   [fielding_basic] 4/5 페이지...
2026-03-24 12:25:14 [WARNING] KBOSeasonScraper: AJAX 에러: pageRedirect 감지
2026-03-24 12:25:14 [WARNING] KBOSeasonScraper:   [fielding_basic] 4페이지 실패, 건너뜀
2026-03-24 12:25:14 [INFO] KBOSeasonScraper:   [fielding_basic] 5/5 페이지...
2026-03-24 12:25:14 [WARNING] KBOSeasonScraper: AJAX 에러: pageRedirect 감지
2026-03-24 12:25:14 [WARNING] KBOSeasonScraper:   [fielding_basic] 5페이지 실패, 건너뜀
2026-03-24 12:25:14 [INFO] KBOSeasonScraper: [fielding_basic] 전체 순위 크롤링 완료 — 30명
2026-03-24 12:25:14 [INFO] data_parser: [fielding_basic] 데이터 정제 시작 (30개 행)
2026-03-24 12:25:14 [INFO] data_parser: [fielding_basic] 데이터 정제 완료 — 30행 × 20열, 숫자 컬럼 14개
2026-03-24 12:25:14 [INFO] SQLiteStorage: SQLite 저장 완료: kbo_fielding_basic_2006 (30행)
2026-03-24 12:25:14 [INFO] DefRunner: [fielding_basic] 2006년 완료: 30행 → kbo_fielding_basic_2006
2026-03-24 12:25:15 [INFO] DefRunner: [fielding_basic] 2007년 수집 시작
2026-03-24 12:25:15 [INFO] KBOSeasonScraper: [fielding_basic] 전체 순위 크롤링 시작 (연도: 2007)
2026-03-24 12:25:15 [INFO] KBOSeasonScraper:   [fielding_basic] 2/5 페이지...
2026-03-24 12:25:15 [WARNING] KBOSeasonScraper: AJAX 에러: pageRedirect 감지
2026-03-24 12:25:15 [WARNING] KBOSeasonScraper:   [fielding_basic] 2페이지 실패, 건너뜀
2026-03-24 12:25:15 [INFO] KBOSeasonScraper:   [fielding_basic] 3/5 페이지...
2026-03-24 12:25:15 [WARNING] KBOSeasonScraper: AJAX 에러: pageRedirect 감지
2026-03-24 12:25:15 [WARNING] KBOSeasonScraper:   [fielding_basic] 3페이지 실패, 건너뜀
2026-03-24 12:25:15 [INFO] KBOSeasonScraper:   [fielding_basic] 4/5 페이지...
2026-03-24 12:25:15 [WARNING] KBOSeasonScraper: AJAX 에러: pageRedirect 감지
2026-03-24 12:25:15 [WARNING] KBOSeasonScraper:   [fielding_basic] 4페이지 실패, 건너뜀
2026-03-24 12:25:15 [INFO] KBOSeasonScraper:   [fielding_basic] 5/5 페이지...
2026-03-24 12:25:15 [WARNING] KBOSeasonScraper: AJAX 에러: pageRedirect 감지
2026-03-24 12:25:15 [WARNING] KBOSeasonScraper:   [fielding_basic] 5페이지 실패, 건너뜀
2026-03-24 12:25:15 [INFO] KBOSeasonScraper: [fielding_basic] 전체 순위 크롤링 완료 — 30명
2026-03-24 12:25:15 [INFO] data_parser: [fielding_basic] 데이터 정제 시작 (30개 행)
2026-03-24 12:25:15 [INFO] data_parser: [fielding_basic] 데이터 정제 완료 — 30행 × 20열, 숫자 컬럼 14개
2026-03-24 12:25:15 [INFO] SQLiteStorage: SQLite 저장 완료: kbo_fielding_basic_2007 (30행)
2026-03-24 12:25:15 [INFO] DefRunner: [fielding_basic] 2007년 완료: 30행 → kbo_fielding_basic_2007
2026-03-24 12:25:16 [INFO] DefRunner: [fielding_basic] 2008년 수집 시작
2026-03-24 12:25:16 [INFO] KBOSeasonScraper: [fielding_basic] 전체 순위 크롤링 시작 (연도: 2008)
2026-03-24 12:25:16 [INFO] KBOSeasonScraper:   [fielding_basic] 2/5 페이지...
2026-03-24 12:25:16 [WARNING] KBOSeasonScraper: AJAX 에러: pageRedirect 감지
2026-03-24 12:25:16 [WARNING] KBOSeasonScraper:   [fielding_basic] 2페이지 실패, 건너뜀
2026-03-24 12:25:16 [INFO] KBOSeasonScraper:   [fielding_basic] 3/5 페이지...
2026-03-24 12:25:16 [WARNING] KBOSeasonScraper: AJAX 에러: pageRedirect 감지
2026-03-24 12:25:16 [WARNING] KBOSeasonScraper:   [fielding_basic] 3페이지 실패, 건너뜀
2026-03-24 12:25:16 [INFO] KBOSeasonScraper:   [fielding_basic] 4/5 페이지...
2026-03-24 12:25:16 [WARNING] KBOSeasonScraper: AJAX 에러: pageRedirect 감지
2026-03-24 12:25:16 [WARNING] KBOSeasonScraper:   [fielding_basic] 4페이지 실패, 건너뜀
2026-03-24 12:25:16 [INFO] KBOSeasonScraper:   [fielding_basic] 5/5 페이지...
2026-03-24 12:25:16 [WARNING] KBOSeasonScraper: AJAX 에러: pageRedirect 감지
2026-03-24 12:25:16 [WARNING] KBOSeasonScraper:   [fielding_basic] 5페이지 실패, 건너뜀
2026-03-24 12:25:16 [INFO] KBOSeasonScraper: [fielding_basic] 전체 순위 크롤링 완료 — 30명
2026-03-24 12:25:16 [INFO] data_parser: [fielding_basic] 데이터 정제 시작 (30개 행)
2026-03-24 12:25:16 [INFO] data_parser: [fielding_basic] 데이터 정제 완료 — 30행 × 20열, 숫자 컬럼 14개
2026-03-24 12:25:16 [INFO] SQLiteStorage: SQLite 저장 완료: kbo_fielding_basic_2008 (30행)
2026-03-24 12:25:16 [INFO] DefRunner: [fielding_basic] 2008년 완료: 30행 → kbo_fielding_basic_2008
2026-03-24 12:25:17 [INFO] DefRunner: [fielding_basic] 2009년 수집 시작
2026-03-24 12:25:17 [INFO] KBOSeasonScraper: [fielding_basic] 전체 순위 크롤링 시작 (연도: 2009)
2026-03-24 12:25:18 [INFO] KBOSeasonScraper:   [fielding_basic] 2/5 페이지...
2026-03-24 12:25:18 [WARNING] KBOSeasonScraper: AJAX 에러: pageRedirect 감지
2026-03-24 12:25:18 [WARNING] KBOSeasonScraper:   [fielding_basic] 2페이지 실패, 건너뜀
2026-03-24 12:25:18 [INFO] KBOSeasonScraper:   [fielding_basic] 3/5 페이지...
2026-03-24 12:25:18 [WARNING] KBOSeasonScraper: AJAX 에러: pageRedirect 감지
2026-03-24 12:25:18 [WARNING] KBOSeasonScraper:   [fielding_basic] 3페이지 실패, 건너뜀
2026-03-24 12:25:18 [INFO] KBOSeasonScraper:   [fielding_basic] 4/5 페이지...
2026-03-24 12:25:18 [WARNING] KBOSeasonScraper: AJAX 에러: pageRedirect 감지
2026-03-24 12:25:18 [WARNING] KBOSeasonScraper:   [fielding_basic] 4페이지 실패, 건너뜀
2026-03-24 12:25:18 [INFO] KBOSeasonScraper:   [fielding_basic] 5/5 페이지...
2026-03-24 12:25:18 [WARNING] KBOSeasonScraper: AJAX 에러: pageRedirect 감지
2026-03-24 12:25:18 [WARNING] KBOSeasonScraper:   [fielding_basic] 5페이지 실패, 건너뜀
2026-03-24 12:25:18 [INFO] KBOSeasonScraper: [fielding_basic] 전체 순위 크롤링 완료 — 30명
2026-03-24 12:25:18 [INFO] data_parser: [fielding_basic] 데이터 정제 시작 (30개 행)
2026-03-24 12:25:18 [INFO] data_parser: [fielding_basic] 데이터 정제 완료 — 30행 × 20열, 숫자 컬럼 14개
2026-03-24 12:25:18 [INFO] SQLiteStorage: SQLite 저장 완료: kbo_fielding_basic_2009 (30행)
2026-03-24 12:25:18 [INFO] DefRunner: [fielding_basic] 2009년 완료: 30행 → kbo_fielding_basic_2009
2026-03-24 12:25:19 [INFO] DefRunner: [fielding_basic] 2010년 수집 시작
2026-03-24 12:25:19 [INFO] KBOSeasonScraper: [fielding_basic] 전체 순위 크롤링 시작 (연도: 2010)
2026-03-24 12:25:19 [INFO] KBOSeasonScraper:   [fielding_basic] 2/5 페이지...
2026-03-24 12:25:19 [WARNING] KBOSeasonScraper: AJAX 에러: pageRedirect 감지
2026-03-24 12:25:19 [WARNING] KBOSeasonScraper:   [fielding_basic] 2페이지 실패, 건너뜀
2026-03-24 12:25:19 [INFO] KBOSeasonScraper:   [fielding_basic] 3/5 페이지...
2026-03-24 12:25:19 [WARNING] KBOSeasonScraper: AJAX 에러: pageRedirect 감지
2026-03-24 12:25:19 [WARNING] KBOSeasonScraper:   [fielding_basic] 3페이지 실패, 건너뜀
2026-03-24 12:25:19 [INFO] KBOSeasonScraper:   [fielding_basic] 4/5 페이지...
2026-03-24 12:25:19 [WARNING] KBOSeasonScraper: AJAX 에러: pageRedirect 감지
2026-03-24 12:25:19 [WARNING] KBOSeasonScraper:   [fielding_basic] 4페이지 실패, 건너뜀
2026-03-24 12:25:19 [INFO] KBOSeasonScraper:   [fielding_basic] 5/5 페이지...
2026-03-24 12:25:19 [WARNING] KBOSeasonScraper: AJAX 에러: pageRedirect 감지
2026-03-24 12:25:19 [WARNING] KBOSeasonScraper:   [fielding_basic] 5페이지 실패, 건너뜀
2026-03-24 12:25:19 [INFO] KBOSeasonScraper: [fielding_basic] 전체 순위 크롤링 완료 — 30명
2026-03-24 12:25:19 [INFO] data_parser: [fielding_basic] 데이터 정제 시작 (30개 행)
2026-03-24 12:25:19 [INFO] data_parser: [fielding_basic] 데이터 정제 완료 — 30행 × 20열, 숫자 컬럼 14개
2026-03-24 12:25:19 [INFO] SQLiteStorage: SQLite 저장 완료: kbo_fielding_basic_2010 (30행)
2026-03-24 12:25:19 [INFO] DefRunner: [fielding_basic] 2010년 완료: 30행 → kbo_fielding_basic_2010
2026-03-24 12:25:20 [INFO] DefRunner: [fielding_basic] 2011년 수집 시작
2026-03-24 12:25:20 [INFO] KBOSeasonScraper: [fielding_basic] 전체 순위 크롤링 시작 (연도: 2011)
2026-03-24 12:25:21 [INFO] KBOSeasonScraper:   [fielding_basic] 2/5 페이지...
2026-03-24 12:25:21 [WARNING] KBOSeasonScraper: AJAX 에러: pageRedirect 감지
2026-03-24 12:25:21 [WARNING] KBOSeasonScraper:   [fielding_basic] 2페이지 실패, 건너뜀
2026-03-24 12:25:21 [INFO] KBOSeasonScraper:   [fielding_basic] 3/5 페이지...
2026-03-24 12:25:21 [WARNING] KBOSeasonScraper: AJAX 에러: pageRedirect 감지
2026-03-24 12:25:21 [WARNING] KBOSeasonScraper:   [fielding_basic] 3페이지 실패, 건너뜀
2026-03-24 12:25:21 [INFO] KBOSeasonScraper:   [fielding_basic] 4/5 페이지...
2026-03-24 12:25:21 [WARNING] KBOSeasonScraper: AJAX 에러: pageRedirect 감지
2026-03-24 12:25:21 [WARNING] KBOSeasonScraper:   [fielding_basic] 4페이지 실패, 건너뜀
2026-03-24 12:25:21 [INFO] KBOSeasonScraper:   [fielding_basic] 5/5 페이지...
2026-03-24 12:25:21 [WARNING] KBOSeasonScraper: AJAX 에러: pageRedirect 감지
2026-03-24 12:25:21 [WARNING] KBOSeasonScraper:   [fielding_basic] 5페이지 실패, 건너뜀
2026-03-24 12:25:21 [INFO] KBOSeasonScraper: [fielding_basic] 전체 순위 크롤링 완료 — 30명
2026-03-24 12:25:21 [INFO] data_parser: [fielding_basic] 데이터 정제 시작 (30개 행)
2026-03-24 12:25:21 [INFO] data_parser: [fielding_basic] 데이터 정제 완료 — 30행 × 20열, 숫자 컬럼 14개
2026-03-24 12:25:21 [INFO] SQLiteStorage: SQLite 저장 완료: kbo_fielding_basic_2011 (30행)
2026-03-24 12:25:21 [INFO] DefRunner: [fielding_basic] 2011년 완료: 30행 → kbo_fielding_basic_2011
2026-03-24 12:25:22 [INFO] DefRunner: [fielding_basic] 2012년 수집 시작
2026-03-24 12:25:22 [INFO] KBOSeasonScraper: [fielding_basic] 전체 순위 크롤링 시작 (연도: 2012)
2026-03-24 12:25:22 [INFO] KBOSeasonScraper:   [fielding_basic] 2/5 페이지...
2026-03-24 12:25:22 [WARNING] KBOSeasonScraper: AJAX 에러: pageRedirect 감지
2026-03-24 12:25:22 [WARNING] KBOSeasonScraper:   [fielding_basic] 2페이지 실패, 건너뜀
2026-03-24 12:25:22 [INFO] KBOSeasonScraper:   [fielding_basic] 3/5 페이지...
2026-03-24 12:25:22 [WARNING] KBOSeasonScraper: AJAX 에러: pageRedirect 감지
2026-03-24 12:25:22 [WARNING] KBOSeasonScraper:   [fielding_basic] 3페이지 실패, 건너뜀
2026-03-24 12:25:22 [INFO] KBOSeasonScraper:   [fielding_basic] 4/5 페이지...
2026-03-24 12:25:22 [WARNING] KBOSeasonScraper: AJAX 에러: pageRedirect 감지
2026-03-24 12:25:22 [WARNING] KBOSeasonScraper:   [fielding_basic] 4페이지 실패, 건너뜀
2026-03-24 12:25:22 [INFO] KBOSeasonScraper:   [fielding_basic] 5/5 페이지...
2026-03-24 12:25:22 [WARNING] KBOSeasonScraper: AJAX 에러: pageRedirect 감지
2026-03-24 12:25:22 [WARNING] KBOSeasonScraper:   [fielding_basic] 5페이지 실패, 건너뜀
2026-03-24 12:25:22 [INFO] KBOSeasonScraper: [fielding_basic] 전체 순위 크롤링 완료 — 30명
2026-03-24 12:25:22 [INFO] data_parser: [fielding_basic] 데이터 정제 시작 (30개 행)
2026-03-24 12:25:22 [INFO] data_parser: [fielding_basic] 데이터 정제 완료 — 30행 × 20열, 숫자 컬럼 14개
2026-03-24 12:25:22 [INFO] SQLiteStorage: SQLite 저장 완료: kbo_fielding_basic_2012 (30행)
2026-03-24 12:25:22 [INFO] DefRunner: [fielding_basic] 2012년 완료: 30행 → kbo_fielding_basic_2012
2026-03-24 12:25:23 [INFO] DefRunner: [fielding_basic] 2013년 수집 시작
2026-03-24 12:25:23 [INFO] KBOSeasonScraper: [fielding_basic] 전체 순위 크롤링 시작 (연도: 2013)
2026-03-24 12:25:23 [INFO] KBOSeasonScraper:   [fielding_basic] 2/5 페이지...
2026-03-24 12:25:23 [WARNING] KBOSeasonScraper: AJAX 에러: pageRedirect 감지
2026-03-24 12:25:23 [WARNING] KBOSeasonScraper:   [fielding_basic] 2페이지 실패, 건너뜀
2026-03-24 12:25:23 [INFO] KBOSeasonScraper:   [fielding_basic] 3/5 페이지...
2026-03-24 12:25:23 [WARNING] KBOSeasonScraper: AJAX 에러: pageRedirect 감지
2026-03-24 12:25:23 [WARNING] KBOSeasonScraper:   [fielding_basic] 3페이지 실패, 건너뜀
2026-03-24 12:25:23 [INFO] KBOSeasonScraper:   [fielding_basic] 4/5 페이지...
2026-03-24 12:25:23 [WARNING] KBOSeasonScraper: AJAX 에러: pageRedirect 감지
2026-03-24 12:25:23 [WARNING] KBOSeasonScraper:   [fielding_basic] 4페이지 실패, 건너뜀
2026-03-24 12:25:23 [INFO] KBOSeasonScraper:   [fielding_basic] 5/5 페이지...
2026-03-24 12:25:23 [WARNING] KBOSeasonScraper: AJAX 에러: pageRedirect 감지
2026-03-24 12:25:23 [WARNING] KBOSeasonScraper:   [fielding_basic] 5페이지 실패, 건너뜀
2026-03-24 12:25:23 [INFO] KBOSeasonScraper: [fielding_basic] 전체 순위 크롤링 완료 — 30명
2026-03-24 12:25:23 [INFO] data_parser: [fielding_basic] 데이터 정제 시작 (30개 행)
2026-03-24 12:25:23 [INFO] data_parser: [fielding_basic] 데이터 정제 완료 — 30행 × 20열, 숫자 컬럼 14개
2026-03-24 12:25:23 [INFO] SQLiteStorage: SQLite 저장 완료: kbo_fielding_basic_2013 (30행)
2026-03-24 12:25:23 [INFO] DefRunner: [fielding_basic] 2013년 완료: 30행 → kbo_fielding_basic_2013
2026-03-24 12:25:24 [INFO] DefRunner: [fielding_basic] 2014년 수집 시작
2026-03-24 12:25:24 [INFO] KBOSeasonScraper: [fielding_basic] 전체 순위 크롤링 시작 (연도: 2014)
2026-03-24 12:25:25 [INFO] KBOSeasonScraper:   [fielding_basic] 2/5 페이지...
2026-03-24 12:25:25 [WARNING] KBOSeasonScraper: AJAX 에러: pageRedirect 감지
2026-03-24 12:25:25 [WARNING] KBOSeasonScraper:   [fielding_basic] 2페이지 실패, 건너뜀
2026-03-24 12:25:25 [INFO] KBOSeasonScraper:   [fielding_basic] 3/5 페이지...
2026-03-24 12:25:25 [WARNING] KBOSeasonScraper: AJAX 에러: pageRedirect 감지
2026-03-24 12:25:25 [WARNING] KBOSeasonScraper:   [fielding_basic] 3페이지 실패, 건너뜀
2026-03-24 12:25:25 [INFO] KBOSeasonScraper:   [fielding_basic] 4/5 페이지...
2026-03-24 12:25:25 [WARNING] KBOSeasonScraper: AJAX 에러: pageRedirect 감지
2026-03-24 12:25:25 [WARNING] KBOSeasonScraper:   [fielding_basic] 4페이지 실패, 건너뜀
2026-03-24 12:25:25 [INFO] KBOSeasonScraper:   [fielding_basic] 5/5 페이지...
2026-03-24 12:25:25 [WARNING] KBOSeasonScraper: AJAX 에러: pageRedirect 감지
2026-03-24 12:25:25 [WARNING] KBOSeasonScraper:   [fielding_basic] 5페이지 실패, 건너뜀
2026-03-24 12:25:25 [INFO] KBOSeasonScraper: [fielding_basic] 전체 순위 크롤링 완료 — 30명
2026-03-24 12:25:25 [INFO] data_parser: [fielding_basic] 데이터 정제 시작 (30개 행)
2026-03-24 12:25:25 [INFO] data_parser: [fielding_basic] 데이터 정제 완료 — 30행 × 20열, 숫자 컬럼 14개
2026-03-24 12:25:25 [INFO] SQLiteStorage: SQLite 저장 완료: kbo_fielding_basic_2014 (30행)
2026-03-24 12:25:25 [INFO] DefRunner: [fielding_basic] 2014년 완료: 30행 → kbo_fielding_basic_2014
2026-03-24 12:25:26 [INFO] DefRunner: [fielding_basic] 2015년 수집 시작
2026-03-24 12:25:26 [INFO] KBOSeasonScraper: [fielding_basic] 전체 순위 크롤링 시작 (연도: 2015)
2026-03-24 12:25:26 [INFO] KBOSeasonScraper:   [fielding_basic] 2/5 페이지...
2026-03-24 12:25:26 [WARNING] KBOSeasonScraper: AJAX 에러: pageRedirect 감지
2026-03-24 12:25:26 [WARNING] KBOSeasonScraper:   [fielding_basic] 2페이지 실패, 건너뜀
2026-03-24 12:25:26 [INFO] KBOSeasonScraper:   [fielding_basic] 3/5 페이지...
2026-03-24 12:25:26 [WARNING] KBOSeasonScraper: AJAX 에러: pageRedirect 감지
2026-03-24 12:25:26 [WARNING] KBOSeasonScraper:   [fielding_basic] 3페이지 실패, 건너뜀
2026-03-24 12:25:26 [INFO] KBOSeasonScraper:   [fielding_basic] 4/5 페이지...
2026-03-24 12:25:26 [WARNING] KBOSeasonScraper: AJAX 에러: pageRedirect 감지
2026-03-24 12:25:26 [WARNING] KBOSeasonScraper:   [fielding_basic] 4페이지 실패, 건너뜀
2026-03-24 12:25:26 [INFO] KBOSeasonScraper:   [fielding_basic] 5/5 페이지...
2026-03-24 12:25:26 [WARNING] KBOSeasonScraper: AJAX 에러: pageRedirect 감지
2026-03-24 12:25:26 [WARNING] KBOSeasonScraper:   [fielding_basic] 5페이지 실패, 건너뜀
2026-03-24 12:25:26 [INFO] KBOSeasonScraper: [fielding_basic] 전체 순위 크롤링 완료 — 30명
2026-03-24 12:25:26 [INFO] data_parser: [fielding_basic] 데이터 정제 시작 (30개 행)
2026-03-24 12:25:26 [INFO] data_parser: [fielding_basic] 데이터 정제 완료 — 30행 × 20열, 숫자 컬럼 14개
2026-03-24 12:25:26 [INFO] SQLiteStorage: SQLite 저장 완료: kbo_fielding_basic_2015 (30행)
2026-03-24 12:25:26 [INFO] DefRunner: [fielding_basic] 2015년 완료: 30행 → kbo_fielding_basic_2015
2026-03-24 12:25:27 [INFO] DefRunner: [fielding_basic] 2016년 수집 시작
2026-03-24 12:25:27 [INFO] KBOSeasonScraper: [fielding_basic] 전체 순위 크롤링 시작 (연도: 2016)
2026-03-24 12:25:28 [INFO] KBOSeasonScraper:   [fielding_basic] 2/5 페이지...
2026-03-24 12:25:28 [WARNING] KBOSeasonScraper: AJAX 에러: pageRedirect 감지
2026-03-24 12:25:28 [WARNING] KBOSeasonScraper:   [fielding_basic] 2페이지 실패, 건너뜀
2026-03-24 12:25:28 [INFO] KBOSeasonScraper:   [fielding_basic] 3/5 페이지...
2026-03-24 12:25:28 [WARNING] KBOSeasonScraper: AJAX 에러: pageRedirect 감지
2026-03-24 12:25:28 [WARNING] KBOSeasonScraper:   [fielding_basic] 3페이지 실패, 건너뜀
2026-03-24 12:25:28 [INFO] KBOSeasonScraper:   [fielding_basic] 4/5 페이지...
2026-03-24 12:25:28 [WARNING] KBOSeasonScraper: AJAX 에러: pageRedirect 감지
2026-03-24 12:25:28 [WARNING] KBOSeasonScraper:   [fielding_basic] 4페이지 실패, 건너뜀
2026-03-24 12:25:28 [INFO] KBOSeasonScraper:   [fielding_basic] 5/5 페이지...
2026-03-24 12:25:28 [WARNING] KBOSeasonScraper: AJAX 에러: pageRedirect 감지
2026-03-24 12:25:28 [WARNING] KBOSeasonScraper:   [fielding_basic] 5페이지 실패, 건너뜀
2026-03-24 12:25:28 [INFO] KBOSeasonScraper: [fielding_basic] 전체 순위 크롤링 완료 — 30명
2026-03-24 12:25:28 [INFO] data_parser: [fielding_basic] 데이터 정제 시작 (30개 행)
2026-03-24 12:25:28 [INFO] data_parser: [fielding_basic] 데이터 정제 완료 — 30행 × 20열, 숫자 컬럼 14개
2026-03-24 12:25:28 [INFO] SQLiteStorage: SQLite 저장 완료: kbo_fielding_basic_2016 (30행)
2026-03-24 12:25:28 [INFO] DefRunner: [fielding_basic] 2016년 완료: 30행 → kbo_fielding_basic_2016
2026-03-24 12:25:29 [INFO] DefRunner: [fielding_basic] 2017년 수집 시작
2026-03-24 12:25:29 [INFO] KBOSeasonScraper: [fielding_basic] 전체 순위 크롤링 시작 (연도: 2017)
2026-03-24 12:25:29 [INFO] KBOSeasonScraper:   [fielding_basic] 2/5 페이지...
2026-03-24 12:25:29 [WARNING] KBOSeasonScraper: AJAX 에러: pageRedirect 감지
2026-03-24 12:25:29 [WARNING] KBOSeasonScraper:   [fielding_basic] 2페이지 실패, 건너뜀
2026-03-24 12:25:29 [INFO] KBOSeasonScraper:   [fielding_basic] 3/5 페이지...
2026-03-24 12:25:29 [WARNING] KBOSeasonScraper: AJAX 에러: pageRedirect 감지
2026-03-24 12:25:29 [WARNING] KBOSeasonScraper:   [fielding_basic] 3페이지 실패, 건너뜀
2026-03-24 12:25:29 [INFO] KBOSeasonScraper:   [fielding_basic] 4/5 페이지...
2026-03-24 12:25:29 [WARNING] KBOSeasonScraper: AJAX 에러: pageRedirect 감지
2026-03-24 12:25:29 [WARNING] KBOSeasonScraper:   [fielding_basic] 4페이지 실패, 건너뜀
2026-03-24 12:25:29 [INFO] KBOSeasonScraper:   [fielding_basic] 5/5 페이지...
2026-03-24 12:25:29 [WARNING] KBOSeasonScraper: AJAX 에러: pageRedirect 감지
2026-03-24 12:25:29 [WARNING] KBOSeasonScraper:   [fielding_basic] 5페이지 실패, 건너뜀
2026-03-24 12:25:29 [INFO] KBOSeasonScraper: [fielding_basic] 전체 순위 크롤링 완료 — 30명
2026-03-24 12:25:29 [INFO] data_parser: [fielding_basic] 데이터 정제 시작 (30개 행)
2026-03-24 12:25:29 [INFO] data_parser: [fielding_basic] 데이터 정제 완료 — 30행 × 20열, 숫자 컬럼 14개
2026-03-24 12:25:29 [INFO] SQLiteStorage: SQLite 저장 완료: kbo_fielding_basic_2017 (30행)
2026-03-24 12:25:29 [INFO] DefRunner: [fielding_basic] 2017년 완료: 30행 → kbo_fielding_basic_2017
2026-03-24 12:25:30 [INFO] DefRunner: [fielding_basic] 2018년 수집 시작
2026-03-24 12:25:30 [INFO] KBOSeasonScraper: [fielding_basic] 전체 순위 크롤링 시작 (연도: 2018)
2026-03-24 12:25:30 [INFO] KBOSeasonScraper:   [fielding_basic] 2/5 페이지...
2026-03-24 12:25:30 [WARNING] KBOSeasonScraper: AJAX 에러: pageRedirect 감지
2026-03-24 12:25:30 [WARNING] KBOSeasonScraper:   [fielding_basic] 2페이지 실패, 건너뜀
2026-03-24 12:25:30 [INFO] KBOSeasonScraper:   [fielding_basic] 3/5 페이지...
2026-03-24 12:25:30 [WARNING] KBOSeasonScraper: AJAX 에러: pageRedirect 감지
2026-03-24 12:25:30 [WARNING] KBOSeasonScraper:   [fielding_basic] 3페이지 실패, 건너뜀
2026-03-24 12:25:30 [INFO] KBOSeasonScraper:   [fielding_basic] 4/5 페이지...
2026-03-24 12:25:30 [WARNING] KBOSeasonScraper: AJAX 에러: pageRedirect 감지
2026-03-24 12:25:30 [WARNING] KBOSeasonScraper:   [fielding_basic] 4페이지 실패, 건너뜀
2026-03-24 12:25:30 [INFO] KBOSeasonScraper:   [fielding_basic] 5/5 페이지...
2026-03-24 12:25:30 [WARNING] KBOSeasonScraper: AJAX 에러: pageRedirect 감지
2026-03-24 12:25:30 [WARNING] KBOSeasonScraper:   [fielding_basic] 5페이지 실패, 건너뜀
2026-03-24 12:25:30 [INFO] KBOSeasonScraper: [fielding_basic] 전체 순위 크롤링 완료 — 30명
2026-03-24 12:25:30 [INFO] data_parser: [fielding_basic] 데이터 정제 시작 (30개 행)
2026-03-24 12:25:30 [INFO] data_parser: [fielding_basic] 데이터 정제 완료 — 30행 × 20열, 숫자 컬럼 14개
2026-03-24 12:25:31 [INFO] SQLiteStorage: SQLite 저장 완료: kbo_fielding_basic_2018 (30행)
2026-03-24 12:25:31 [INFO] DefRunner: [fielding_basic] 2018년 완료: 30행 → kbo_fielding_basic_2018
2026-03-24 12:25:32 [INFO] DefRunner: [fielding_basic] 2019년 수집 시작
2026-03-24 12:25:32 [INFO] KBOSeasonScraper: [fielding_basic] 전체 순위 크롤링 시작 (연도: 2019)
2026-03-24 12:25:32 [INFO] KBOSeasonScraper:   [fielding_basic] 2/5 페이지...
2026-03-24 12:25:32 [WARNING] KBOSeasonScraper: AJAX 에러: pageRedirect 감지
2026-03-24 12:25:32 [WARNING] KBOSeasonScraper:   [fielding_basic] 2페이지 실패, 건너뜀
2026-03-24 12:25:32 [INFO] KBOSeasonScraper:   [fielding_basic] 3/5 페이지...
2026-03-24 12:25:32 [WARNING] KBOSeasonScraper: AJAX 에러: pageRedirect 감지
2026-03-24 12:25:32 [WARNING] KBOSeasonScraper:   [fielding_basic] 3페이지 실패, 건너뜀
2026-03-24 12:25:32 [INFO] KBOSeasonScraper:   [fielding_basic] 4/5 페이지...
2026-03-24 12:25:32 [WARNING] KBOSeasonScraper: AJAX 에러: pageRedirect 감지
2026-03-24 12:25:32 [WARNING] KBOSeasonScraper:   [fielding_basic] 4페이지 실패, 건너뜀
2026-03-24 12:25:32 [INFO] KBOSeasonScraper:   [fielding_basic] 5/5 페이지...
2026-03-24 12:25:32 [WARNING] KBOSeasonScraper: AJAX 에러: pageRedirect 감지
2026-03-24 12:25:32 [WARNING] KBOSeasonScraper:   [fielding_basic] 5페이지 실패, 건너뜀
2026-03-24 12:25:32 [INFO] KBOSeasonScraper: [fielding_basic] 전체 순위 크롤링 완료 — 30명
2026-03-24 12:25:32 [INFO] data_parser: [fielding_basic] 데이터 정제 시작 (30개 행)
2026-03-24 12:25:32 [INFO] data_parser: [fielding_basic] 데이터 정제 완료 — 30행 × 20열, 숫자 컬럼 14개
2026-03-24 12:25:32 [INFO] SQLiteStorage: SQLite 저장 완료: kbo_fielding_basic_2019 (30행)
2026-03-24 12:25:32 [INFO] DefRunner: [fielding_basic] 2019년 완료: 30행 → kbo_fielding_basic_2019
2026-03-24 12:25:33 [INFO] DefRunner: [fielding_basic] 2020년 수집 시작
2026-03-24 12:25:33 [INFO] KBOSeasonScraper: [fielding_basic] 전체 순위 크롤링 시작 (연도: 2020)
2026-03-24 12:25:33 [INFO] KBOSeasonScraper:   [fielding_basic] 2/5 페이지...
2026-03-24 12:25:33 [WARNING] KBOSeasonScraper: AJAX 에러: pageRedirect 감지
2026-03-24 12:25:33 [WARNING] KBOSeasonScraper:   [fielding_basic] 2페이지 실패, 건너뜀
2026-03-24 12:25:33 [INFO] KBOSeasonScraper:   [fielding_basic] 3/5 페이지...
2026-03-24 12:25:33 [WARNING] KBOSeasonScraper: AJAX 에러: pageRedirect 감지
2026-03-24 12:25:33 [WARNING] KBOSeasonScraper:   [fielding_basic] 3페이지 실패, 건너뜀
2026-03-24 12:25:33 [INFO] KBOSeasonScraper:   [fielding_basic] 4/5 페이지...
2026-03-24 12:25:33 [WARNING] KBOSeasonScraper: AJAX 에러: pageRedirect 감지
2026-03-24 12:25:33 [WARNING] KBOSeasonScraper:   [fielding_basic] 4페이지 실패, 건너뜀
2026-03-24 12:25:33 [INFO] KBOSeasonScraper:   [fielding_basic] 5/5 페이지...
2026-03-24 12:25:33 [WARNING] KBOSeasonScraper: AJAX 에러: pageRedirect 감지
2026-03-24 12:25:33 [WARNING] KBOSeasonScraper:   [fielding_basic] 5페이지 실패, 건너뜀
2026-03-24 12:25:33 [INFO] KBOSeasonScraper: [fielding_basic] 전체 순위 크롤링 완료 — 30명
2026-03-24 12:25:33 [INFO] data_parser: [fielding_basic] 데이터 정제 시작 (30개 행)
2026-03-24 12:25:33 [INFO] data_parser: [fielding_basic] 데이터 정제 완료 — 30행 × 20열, 숫자 컬럼 14개
2026-03-24 12:25:33 [INFO] SQLiteStorage: SQLite 저장 완료: kbo_fielding_basic_2020 (30행)
2026-03-24 12:25:33 [INFO] DefRunner: [fielding_basic] 2020년 완료: 30행 → kbo_fielding_basic_2020
2026-03-24 12:25:34 [INFO] DefRunner: [fielding_basic] 2021년 수집 시작
2026-03-24 12:25:34 [INFO] KBOSeasonScraper: [fielding_basic] 전체 순위 크롤링 시작 (연도: 2021)
2026-03-24 12:25:35 [INFO] KBOSeasonScraper:   [fielding_basic] 2/5 페이지...
2026-03-24 12:25:35 [WARNING] KBOSeasonScraper: AJAX 에러: pageRedirect 감지
2026-03-24 12:25:35 [WARNING] KBOSeasonScraper:   [fielding_basic] 2페이지 실패, 건너뜀
2026-03-24 12:25:35 [INFO] KBOSeasonScraper:   [fielding_basic] 3/5 페이지...
2026-03-24 12:25:35 [WARNING] KBOSeasonScraper: AJAX 에러: pageRedirect 감지
2026-03-24 12:25:35 [WARNING] KBOSeasonScraper:   [fielding_basic] 3페이지 실패, 건너뜀
2026-03-24 12:25:35 [INFO] KBOSeasonScraper:   [fielding_basic] 4/5 페이지...
2026-03-24 12:25:35 [WARNING] KBOSeasonScraper: AJAX 에러: pageRedirect 감지
2026-03-24 12:25:35 [WARNING] KBOSeasonScraper:   [fielding_basic] 4페이지 실패, 건너뜀
2026-03-24 12:25:35 [INFO] KBOSeasonScraper:   [fielding_basic] 5/5 페이지...
2026-03-24 12:25:35 [WARNING] KBOSeasonScraper: AJAX 에러: pageRedirect 감지
2026-03-24 12:25:35 [WARNING] KBOSeasonScraper:   [fielding_basic] 5페이지 실패, 건너뜀
2026-03-24 12:25:35 [INFO] KBOSeasonScraper: [fielding_basic] 전체 순위 크롤링 완료 — 30명
2026-03-24 12:25:35 [INFO] data_parser: [fielding_basic] 데이터 정제 시작 (30개 행)
2026-03-24 12:25:35 [INFO] data_parser: [fielding_basic] 데이터 정제 완료 — 30행 × 20열, 숫자 컬럼 14개
2026-03-24 12:25:35 [INFO] SQLiteStorage: SQLite 저장 완료: kbo_fielding_basic_2021 (30행)
2026-03-24 12:25:35 [INFO] DefRunner: [fielding_basic] 2021년 완료: 30행 → kbo_fielding_basic_2021
2026-03-24 12:25:36 [INFO] DefRunner: [fielding_basic] 2022년 수집 시작
2026-03-24 12:25:36 [INFO] KBOSeasonScraper: [fielding_basic] 전체 순위 크롤링 시작 (연도: 2022)
2026-03-24 12:25:36 [INFO] KBOSeasonScraper:   [fielding_basic] 2/5 페이지...
2026-03-24 12:25:36 [WARNING] KBOSeasonScraper: AJAX 에러: pageRedirect 감지
2026-03-24 12:25:36 [WARNING] KBOSeasonScraper:   [fielding_basic] 2페이지 실패, 건너뜀
2026-03-24 12:25:36 [INFO] KBOSeasonScraper:   [fielding_basic] 3/5 페이지...
2026-03-24 12:25:36 [WARNING] KBOSeasonScraper: AJAX 에러: pageRedirect 감지
2026-03-24 12:25:36 [WARNING] KBOSeasonScraper:   [fielding_basic] 3페이지 실패, 건너뜀
2026-03-24 12:25:36 [INFO] KBOSeasonScraper:   [fielding_basic] 4/5 페이지...
2026-03-24 12:25:36 [WARNING] KBOSeasonScraper: AJAX 에러: pageRedirect 감지
2026-03-24 12:25:36 [WARNING] KBOSeasonScraper:   [fielding_basic] 4페이지 실패, 건너뜀
2026-03-24 12:25:36 [INFO] KBOSeasonScraper:   [fielding_basic] 5/5 페이지...
2026-03-24 12:25:36 [WARNING] KBOSeasonScraper: AJAX 에러: pageRedirect 감지
2026-03-24 12:25:36 [WARNING] KBOSeasonScraper:   [fielding_basic] 5페이지 실패, 건너뜀
2026-03-24 12:25:36 [INFO] KBOSeasonScraper: [fielding_basic] 전체 순위 크롤링 완료 — 30명
2026-03-24 12:25:36 [INFO] data_parser: [fielding_basic] 데이터 정제 시작 (30개 행)
2026-03-24 12:25:36 [INFO] data_parser: [fielding_basic] 데이터 정제 완료 — 30행 × 20열, 숫자 컬럼 14개
2026-03-24 12:25:36 [INFO] SQLiteStorage: SQLite 저장 완료: kbo_fielding_basic_2022 (30행)
2026-03-24 12:25:36 [INFO] DefRunner: [fielding_basic] 2022년 완료: 30행 → kbo_fielding_basic_2022
2026-03-24 12:25:37 [INFO] DefRunner: [fielding_basic] 2023년 수집 시작
2026-03-24 12:25:37 [INFO] KBOSeasonScraper: [fielding_basic] 전체 순위 크롤링 시작 (연도: 2023)
2026-03-24 12:25:38 [INFO] KBOSeasonScraper:   [fielding_basic] 2/5 페이지...
2026-03-24 12:25:38 [WARNING] KBOSeasonScraper: AJAX 에러: pageRedirect 감지
2026-03-24 12:25:38 [WARNING] KBOSeasonScraper:   [fielding_basic] 2페이지 실패, 건너뜀
2026-03-24 12:25:38 [INFO] KBOSeasonScraper:   [fielding_basic] 3/5 페이지...
2026-03-24 12:25:38 [WARNING] KBOSeasonScraper: AJAX 에러: pageRedirect 감지
2026-03-24 12:25:38 [WARNING] KBOSeasonScraper:   [fielding_basic] 3페이지 실패, 건너뜀
2026-03-24 12:25:38 [INFO] KBOSeasonScraper:   [fielding_basic] 4/5 페이지...
2026-03-24 12:25:38 [WARNING] KBOSeasonScraper: AJAX 에러: pageRedirect 감지
2026-03-24 12:25:38 [WARNING] KBOSeasonScraper:   [fielding_basic] 4페이지 실패, 건너뜀
2026-03-24 12:25:38 [INFO] KBOSeasonScraper:   [fielding_basic] 5/5 페이지...
2026-03-24 12:25:38 [WARNING] KBOSeasonScraper: AJAX 에러: pageRedirect 감지
2026-03-24 12:25:38 [WARNING] KBOSeasonScraper:   [fielding_basic] 5페이지 실패, 건너뜀
2026-03-24 12:25:38 [INFO] KBOSeasonScraper: [fielding_basic] 전체 순위 크롤링 완료 — 30명
2026-03-24 12:25:38 [INFO] data_parser: [fielding_basic] 데이터 정제 시작 (30개 행)
2026-03-24 12:25:38 [INFO] data_parser: [fielding_basic] 데이터 정제 완료 — 30행 × 20열, 숫자 컬럼 14개
2026-03-24 12:25:38 [INFO] SQLiteStorage: SQLite 저장 완료: kbo_fielding_basic_2023 (30행)
2026-03-24 12:25:38 [INFO] DefRunner: [fielding_basic] 2023년 완료: 30행 → kbo_fielding_basic_2023
2026-03-24 12:25:39 [INFO] DefRunner: [fielding_basic] 2024년 수집 시작
2026-03-24 12:25:39 [INFO] KBOSeasonScraper: [fielding_basic] 전체 순위 크롤링 시작 (연도: 2024)
2026-03-24 12:25:39 [INFO] KBOSeasonScraper:   [fielding_basic] 2/5 페이지...
2026-03-24 12:25:39 [WARNING] KBOSeasonScraper: AJAX 에러: pageRedirect 감지
2026-03-24 12:25:39 [WARNING] KBOSeasonScraper:   [fielding_basic] 2페이지 실패, 건너뜀
2026-03-24 12:25:39 [INFO] KBOSeasonScraper:   [fielding_basic] 3/5 페이지...
2026-03-24 12:25:39 [WARNING] KBOSeasonScraper: AJAX 에러: pageRedirect 감지
2026-03-24 12:25:39 [WARNING] KBOSeasonScraper:   [fielding_basic] 3페이지 실패, 건너뜀
2026-03-24 12:25:39 [INFO] KBOSeasonScraper:   [fielding_basic] 4/5 페이지...
2026-03-24 12:25:39 [WARNING] KBOSeasonScraper: AJAX 에러: pageRedirect 감지
2026-03-24 12:25:39 [WARNING] KBOSeasonScraper:   [fielding_basic] 4페이지 실패, 건너뜀
2026-03-24 12:25:39 [INFO] KBOSeasonScraper:   [fielding_basic] 5/5 페이지...
2026-03-24 12:25:39 [WARNING] KBOSeasonScraper: AJAX 에러: pageRedirect 감지
2026-03-24 12:25:39 [WARNING] KBOSeasonScraper:   [fielding_basic] 5페이지 실패, 건너뜀
2026-03-24 12:25:39 [INFO] KBOSeasonScraper: [fielding_basic] 전체 순위 크롤링 완료 — 30명
2026-03-24 12:25:39 [INFO] data_parser: [fielding_basic] 데이터 정제 시작 (30개 행)
2026-03-24 12:25:39 [INFO] data_parser: [fielding_basic] 데이터 정제 완료 — 30행 × 20열, 숫자 컬럼 14개
2026-03-24 12:25:39 [INFO] SQLiteStorage: SQLite 저장 완료: kbo_fielding_basic_2024 (30행)
2026-03-24 12:25:39 [INFO] DefRunner: [fielding_basic] 2024년 완료: 30행 → kbo_fielding_basic_2024
2026-03-24 12:25:40 [INFO] DefRunner: [fielding_basic] 2025년 수집 시작
2026-03-24 12:25:40 [INFO] KBOSeasonScraper: [fielding_basic] 전체 순위 크롤링 시작 (연도: 2025)
2026-03-24 12:25:40 [INFO] KBOSeasonScraper:   [fielding_basic] 2/5 페이지...
2026-03-24 12:25:40 [WARNING] KBOSeasonScraper: AJAX 에러: pageRedirect 감지
2026-03-24 12:25:40 [WARNING] KBOSeasonScraper:   [fielding_basic] 2페이지 실패, 건너뜀
2026-03-24 12:25:40 [INFO] KBOSeasonScraper:   [fielding_basic] 3/5 페이지...
2026-03-24 12:25:40 [WARNING] KBOSeasonScraper: AJAX 에러: pageRedirect 감지
2026-03-24 12:25:40 [WARNING] KBOSeasonScraper:   [fielding_basic] 3페이지 실패, 건너뜀
2026-03-24 12:25:40 [INFO] KBOSeasonScraper:   [fielding_basic] 4/5 페이지...
2026-03-24 12:25:40 [WARNING] KBOSeasonScraper: AJAX 에러: pageRedirect 감지
2026-03-24 12:25:40 [WARNING] KBOSeasonScraper:   [fielding_basic] 4페이지 실패, 건너뜀
2026-03-24 12:25:40 [INFO] KBOSeasonScraper:   [fielding_basic] 5/5 페이지...
2026-03-24 12:25:40 [WARNING] KBOSeasonScraper: AJAX 에러: pageRedirect 감지
2026-03-24 12:25:40 [WARNING] KBOSeasonScraper:   [fielding_basic] 5페이지 실패, 건너뜀
2026-03-24 12:25:40 [INFO] KBOSeasonScraper: [fielding_basic] 전체 순위 크롤링 완료 — 30명
2026-03-24 12:25:40 [INFO] data_parser: [fielding_basic] 데이터 정제 시작 (30개 행)
2026-03-24 12:25:41 [INFO] data_parser: [fielding_basic] 데이터 정제 완료 — 30행 × 20열, 숫자 컬럼 14개
2026-03-24 12:25:41 [INFO] SQLiteStorage: SQLite 저장 완료: kbo_fielding_basic_2025 (30행)
2026-03-24 12:25:41 [INFO] DefRunner: [fielding_basic] 2025년 완료: 30행 → kbo_fielding_basic_2025
2026-03-24 12:25:42 [INFO] DefRunner: 
[fielding_basic] 결과: 성공 25, 실패 0
2026-03-24 12:25:42 [INFO] DefRunner: ==================================================
2026-03-24 12:25:42 [INFO] DefRunner: runner_basic — 주루 기본 기록
2026-03-24 12:25:42 [INFO] DefRunner: 전체: 25개 연도 (2001~2025)
2026-03-24 12:25:42 [INFO] DefRunner: 건너뜀: 0개 (이미 DB에 있음)
2026-03-24 12:25:42 [INFO] DefRunner: 크롤링: 25개
2026-03-24 12:25:42 [INFO] DefRunner: ==================================================
2026-03-24 12:25:42 [INFO] DefRunner: [runner_basic] 2001년 수집 시작
2026-03-24 12:25:42 [INFO] KBOSeasonScraper: [runner_basic] 전체 순위 크롤링 시작 (연도: 2001)
2026-03-24 12:25:42 [INFO] KBOSeasonScraper:   [runner_basic] 2/5 페이지...
2026-03-24 12:25:42 [WARNING] KBOSeasonScraper: AJAX 에러: pageRedirect 감지
2026-03-24 12:25:42 [WARNING] KBOSeasonScraper:   [runner_basic] 2페이지 실패, 건너뜀
2026-03-24 12:25:42 [INFO] KBOSeasonScraper:   [runner_basic] 3/5 페이지...
2026-03-24 12:25:42 [WARNING] KBOSeasonScraper: AJAX 에러: pageRedirect 감지
2026-03-24 12:25:42 [WARNING] KBOSeasonScraper:   [runner_basic] 3페이지 실패, 건너뜀
2026-03-24 12:25:42 [INFO] KBOSeasonScraper:   [runner_basic] 4/5 페이지...
2026-03-24 12:25:42 [WARNING] KBOSeasonScraper: AJAX 에러: pageRedirect 감지
2026-03-24 12:25:42 [WARNING] KBOSeasonScraper:   [runner_basic] 4페이지 실패, 건너뜀
2026-03-24 12:25:42 [INFO] KBOSeasonScraper:   [runner_basic] 5/5 페이지...
2026-03-24 12:25:42 [WARNING] KBOSeasonScraper: AJAX 에러: pageRedirect 감지
2026-03-24 12:25:42 [WARNING] KBOSeasonScraper:   [runner_basic] 5페이지 실패, 건너뜀
2026-03-24 12:25:42 [INFO] KBOSeasonScraper: [runner_basic] 전체 순위 크롤링 완료 — 30명
2026-03-24 12:25:42 [INFO] data_parser: [runner_basic] 데이터 정제 시작 (30개 행)
2026-03-24 12:25:42 [INFO] data_parser: [runner_basic] 데이터 정제 완료 — 30행 × 13열, 숫자 컬럼 9개
2026-03-24 12:25:42 [INFO] SQLiteStorage: SQLite 저장 완료: kbo_runner_basic_2001 (30행)
2026-03-24 12:25:42 [INFO] DefRunner: [runner_basic] 2001년 완료: 30행 → kbo_runner_basic_2001
2026-03-24 12:25:43 [INFO] DefRunner: [runner_basic] 2002년 수집 시작
2026-03-24 12:25:43 [INFO] KBOSeasonScraper: [runner_basic] 전체 순위 크롤링 시작 (연도: 2002)
2026-03-24 12:25:43 [INFO] KBOSeasonScraper:   [runner_basic] 2/5 페이지...
2026-03-24 12:25:43 [WARNING] KBOSeasonScraper: AJAX 에러: pageRedirect 감지
2026-03-24 12:25:43 [WARNING] KBOSeasonScraper:   [runner_basic] 2페이지 실패, 건너뜀
2026-03-24 12:25:43 [INFO] KBOSeasonScraper:   [runner_basic] 3/5 페이지...
2026-03-24 12:25:43 [WARNING] KBOSeasonScraper: AJAX 에러: pageRedirect 감지
2026-03-24 12:25:43 [WARNING] KBOSeasonScraper:   [runner_basic] 3페이지 실패, 건너뜀
2026-03-24 12:25:43 [INFO] KBOSeasonScraper:   [runner_basic] 4/5 페이지...
2026-03-24 12:25:43 [WARNING] KBOSeasonScraper: AJAX 에러: pageRedirect 감지
2026-03-24 12:25:43 [WARNING] KBOSeasonScraper:   [runner_basic] 4페이지 실패, 건너뜀
2026-03-24 12:25:43 [INFO] KBOSeasonScraper:   [runner_basic] 5/5 페이지...
2026-03-24 12:25:43 [WARNING] KBOSeasonScraper: AJAX 에러: pageRedirect 감지
2026-03-24 12:25:43 [WARNING] KBOSeasonScraper:   [runner_basic] 5페이지 실패, 건너뜀
2026-03-24 12:25:43 [INFO] KBOSeasonScraper: [runner_basic] 전체 순위 크롤링 완료 — 30명
2026-03-24 12:25:43 [INFO] data_parser: [runner_basic] 데이터 정제 시작 (30개 행)
2026-03-24 12:25:43 [INFO] data_parser: [runner_basic] 데이터 정제 완료 — 30행 × 13열, 숫자 컬럼 9개
2026-03-24 12:25:43 [INFO] SQLiteStorage: SQLite 저장 완료: kbo_runner_basic_2002 (30행)
2026-03-24 12:25:43 [INFO] DefRunner: [runner_basic] 2002년 완료: 30행 → kbo_runner_basic_2002
2026-03-24 12:25:44 [INFO] DefRunner: [runner_basic] 2003년 수집 시작
2026-03-24 12:25:44 [INFO] KBOSeasonScraper: [runner_basic] 전체 순위 크롤링 시작 (연도: 2003)
2026-03-24 12:25:44 [INFO] KBOSeasonScraper:   [runner_basic] 2/5 페이지...
2026-03-24 12:25:44 [WARNING] KBOSeasonScraper: AJAX 에러: pageRedirect 감지
2026-03-24 12:25:44 [WARNING] KBOSeasonScraper:   [runner_basic] 2페이지 실패, 건너뜀
2026-03-24 12:25:44 [INFO] KBOSeasonScraper:   [runner_basic] 3/5 페이지...
2026-03-24 12:25:44 [WARNING] KBOSeasonScraper: AJAX 에러: pageRedirect 감지
2026-03-24 12:25:44 [WARNING] KBOSeasonScraper:   [runner_basic] 3페이지 실패, 건너뜀
2026-03-24 12:25:44 [INFO] KBOSeasonScraper:   [runner_basic] 4/5 페이지...
2026-03-24 12:25:44 [WARNING] KBOSeasonScraper: AJAX 에러: pageRedirect 감지
2026-03-24 12:25:44 [WARNING] KBOSeasonScraper:   [runner_basic] 4페이지 실패, 건너뜀
2026-03-24 12:25:44 [INFO] KBOSeasonScraper:   [runner_basic] 5/5 페이지...
2026-03-24 12:25:44 [WARNING] KBOSeasonScraper: AJAX 에러: pageRedirect 감지
2026-03-24 12:25:44 [WARNING] KBOSeasonScraper:   [runner_basic] 5페이지 실패, 건너뜀
2026-03-24 12:25:44 [INFO] KBOSeasonScraper: [runner_basic] 전체 순위 크롤링 완료 — 30명
2026-03-24 12:25:44 [INFO] data_parser: [runner_basic] 데이터 정제 시작 (30개 행)
2026-03-24 12:25:44 [INFO] data_parser: [runner_basic] 데이터 정제 완료 — 30행 × 13열, 숫자 컬럼 9개
2026-03-24 12:25:44 [INFO] SQLiteStorage: SQLite 저장 완료: kbo_runner_basic_2003 (30행)
2026-03-24 12:25:44 [INFO] DefRunner: [runner_basic] 2003년 완료: 30행 → kbo_runner_basic_2003
2026-03-24 12:25:45 [INFO] DefRunner: [runner_basic] 2004년 수집 시작
2026-03-24 12:25:45 [INFO] KBOSeasonScraper: [runner_basic] 전체 순위 크롤링 시작 (연도: 2004)
2026-03-24 12:25:45 [INFO] KBOSeasonScraper:   [runner_basic] 2/5 페이지...
2026-03-24 12:25:45 [WARNING] KBOSeasonScraper: AJAX 에러: pageRedirect 감지
2026-03-24 12:25:45 [WARNING] KBOSeasonScraper:   [runner_basic] 2페이지 실패, 건너뜀
2026-03-24 12:25:45 [INFO] KBOSeasonScraper:   [runner_basic] 3/5 페이지...
2026-03-24 12:25:45 [WARNING] KBOSeasonScraper: AJAX 에러: pageRedirect 감지
2026-03-24 12:25:45 [WARNING] KBOSeasonScraper:   [runner_basic] 3페이지 실패, 건너뜀
2026-03-24 12:25:45 [INFO] KBOSeasonScraper:   [runner_basic] 4/5 페이지...
2026-03-24 12:25:45 [WARNING] KBOSeasonScraper: AJAX 에러: pageRedirect 감지
2026-03-24 12:25:45 [WARNING] KBOSeasonScraper:   [runner_basic] 4페이지 실패, 건너뜀
2026-03-24 12:25:45 [INFO] KBOSeasonScraper:   [runner_basic] 5/5 페이지...
2026-03-24 12:25:45 [WARNING] KBOSeasonScraper: AJAX 에러: pageRedirect 감지
2026-03-24 12:25:45 [WARNING] KBOSeasonScraper:   [runner_basic] 5페이지 실패, 건너뜀
2026-03-24 12:25:45 [INFO] KBOSeasonScraper: [runner_basic] 전체 순위 크롤링 완료 — 30명
2026-03-24 12:25:45 [INFO] data_parser: [runner_basic] 데이터 정제 시작 (30개 행)
2026-03-24 12:25:45 [INFO] data_parser: [runner_basic] 데이터 정제 완료 — 30행 × 13열, 숫자 컬럼 9개
2026-03-24 12:25:45 [INFO] SQLiteStorage: SQLite 저장 완료: kbo_runner_basic_2004 (30행)
2026-03-24 12:25:45 [INFO] DefRunner: [runner_basic] 2004년 완료: 30행 → kbo_runner_basic_2004
2026-03-24 12:25:46 [INFO] DefRunner: [runner_basic] 2005년 수집 시작
2026-03-24 12:25:46 [INFO] KBOSeasonScraper: [runner_basic] 전체 순위 크롤링 시작 (연도: 2005)
2026-03-24 12:25:47 [INFO] KBOSeasonScraper:   [runner_basic] 2/5 페이지...
2026-03-24 12:25:47 [WARNING] KBOSeasonScraper: AJAX 에러: pageRedirect 감지
2026-03-24 12:25:47 [WARNING] KBOSeasonScraper:   [runner_basic] 2페이지 실패, 건너뜀
2026-03-24 12:25:47 [INFO] KBOSeasonScraper:   [runner_basic] 3/5 페이지...
2026-03-24 12:25:47 [WARNING] KBOSeasonScraper: AJAX 에러: pageRedirect 감지
2026-03-24 12:25:47 [WARNING] KBOSeasonScraper:   [runner_basic] 3페이지 실패, 건너뜀
2026-03-24 12:25:47 [INFO] KBOSeasonScraper:   [runner_basic] 4/5 페이지...
2026-03-24 12:25:47 [WARNING] KBOSeasonScraper: AJAX 에러: pageRedirect 감지
2026-03-24 12:25:47 [WARNING] KBOSeasonScraper:   [runner_basic] 4페이지 실패, 건너뜀
2026-03-24 12:25:47 [INFO] KBOSeasonScraper:   [runner_basic] 5/5 페이지...
2026-03-24 12:25:47 [WARNING] KBOSeasonScraper: AJAX 에러: pageRedirect 감지
2026-03-24 12:25:47 [WARNING] KBOSeasonScraper:   [runner_basic] 5페이지 실패, 건너뜀
2026-03-24 12:25:47 [INFO] KBOSeasonScraper: [runner_basic] 전체 순위 크롤링 완료 — 30명
2026-03-24 12:25:47 [INFO] data_parser: [runner_basic] 데이터 정제 시작 (30개 행)
2026-03-24 12:25:47 [INFO] data_parser: [runner_basic] 데이터 정제 완료 — 30행 × 13열, 숫자 컬럼 9개
2026-03-24 12:25:47 [INFO] SQLiteStorage: SQLite 저장 완료: kbo_runner_basic_2005 (30행)
2026-03-24 12:25:47 [INFO] DefRunner: [runner_basic] 2005년 완료: 30행 → kbo_runner_basic_2005
2026-03-24 12:25:48 [INFO] DefRunner: [runner_basic] 2006년 수집 시작
2026-03-24 12:25:48 [INFO] KBOSeasonScraper: [runner_basic] 전체 순위 크롤링 시작 (연도: 2006)
2026-03-24 12:25:48 [INFO] KBOSeasonScraper:   [runner_basic] 2/5 페이지...
2026-03-24 12:25:48 [WARNING] KBOSeasonScraper: AJAX 에러: pageRedirect 감지
2026-03-24 12:25:48 [WARNING] KBOSeasonScraper:   [runner_basic] 2페이지 실패, 건너뜀
2026-03-24 12:25:48 [INFO] KBOSeasonScraper:   [runner_basic] 3/5 페이지...
2026-03-24 12:25:48 [WARNING] KBOSeasonScraper: AJAX 에러: pageRedirect 감지
2026-03-24 12:25:48 [WARNING] KBOSeasonScraper:   [runner_basic] 3페이지 실패, 건너뜀
2026-03-24 12:25:48 [INFO] KBOSeasonScraper:   [runner_basic] 4/5 페이지...
2026-03-24 12:25:48 [WARNING] KBOSeasonScraper: AJAX 에러: pageRedirect 감지
2026-03-24 12:25:48 [WARNING] KBOSeasonScraper:   [runner_basic] 4페이지 실패, 건너뜀
2026-03-24 12:25:48 [INFO] KBOSeasonScraper:   [runner_basic] 5/5 페이지...
2026-03-24 12:25:48 [WARNING] KBOSeasonScraper: AJAX 에러: pageRedirect 감지
2026-03-24 12:25:48 [WARNING] KBOSeasonScraper:   [runner_basic] 5페이지 실패, 건너뜀
2026-03-24 12:25:48 [INFO] KBOSeasonScraper: [runner_basic] 전체 순위 크롤링 완료 — 30명
2026-03-24 12:25:48 [INFO] data_parser: [runner_basic] 데이터 정제 시작 (30개 행)
2026-03-24 12:25:48 [INFO] data_parser: [runner_basic] 데이터 정제 완료 — 30행 × 13열, 숫자 컬럼 9개
2026-03-24 12:25:48 [INFO] SQLiteStorage: SQLite 저장 완료: kbo_runner_basic_2006 (30행)
2026-03-24 12:25:48 [INFO] DefRunner: [runner_basic] 2006년 완료: 30행 → kbo_runner_basic_2006
2026-03-24 12:25:49 [INFO] DefRunner: [runner_basic] 2007년 수집 시작
2026-03-24 12:25:49 [INFO] KBOSeasonScraper: [runner_basic] 전체 순위 크롤링 시작 (연도: 2007)
2026-03-24 12:25:49 [INFO] KBOSeasonScraper:   [runner_basic] 2/5 페이지...
2026-03-24 12:25:49 [WARNING] KBOSeasonScraper: AJAX 에러: pageRedirect 감지
2026-03-24 12:25:49 [WARNING] KBOSeasonScraper:   [runner_basic] 2페이지 실패, 건너뜀
2026-03-24 12:25:49 [INFO] KBOSeasonScraper:   [runner_basic] 3/5 페이지...
2026-03-24 12:25:49 [WARNING] KBOSeasonScraper: AJAX 에러: pageRedirect 감지
2026-03-24 12:25:49 [WARNING] KBOSeasonScraper:   [runner_basic] 3페이지 실패, 건너뜀
2026-03-24 12:25:49 [INFO] KBOSeasonScraper:   [runner_basic] 4/5 페이지...
2026-03-24 12:25:49 [WARNING] KBOSeasonScraper: AJAX 에러: pageRedirect 감지
2026-03-24 12:25:49 [WARNING] KBOSeasonScraper:   [runner_basic] 4페이지 실패, 건너뜀
2026-03-24 12:25:49 [INFO] KBOSeasonScraper:   [runner_basic] 5/5 페이지...
2026-03-24 12:25:49 [WARNING] KBOSeasonScraper: AJAX 에러: pageRedirect 감지
2026-03-24 12:25:49 [WARNING] KBOSeasonScraper:   [runner_basic] 5페이지 실패, 건너뜀
2026-03-24 12:25:49 [INFO] KBOSeasonScraper: [runner_basic] 전체 순위 크롤링 완료 — 30명
2026-03-24 12:25:49 [INFO] data_parser: [runner_basic] 데이터 정제 시작 (30개 행)
2026-03-24 12:25:49 [INFO] data_parser: [runner_basic] 데이터 정제 완료 — 30행 × 13열, 숫자 컬럼 9개
2026-03-24 12:25:49 [INFO] SQLiteStorage: SQLite 저장 완료: kbo_runner_basic_2007 (30행)
2026-03-24 12:25:49 [INFO] DefRunner: [runner_basic] 2007년 완료: 30행 → kbo_runner_basic_2007
2026-03-24 12:25:50 [INFO] DefRunner: [runner_basic] 2008년 수집 시작
2026-03-24 12:25:50 [INFO] KBOSeasonScraper: [runner_basic] 전체 순위 크롤링 시작 (연도: 2008)
2026-03-24 12:25:50 [INFO] KBOSeasonScraper:   [runner_basic] 2/5 페이지...
2026-03-24 12:25:50 [WARNING] KBOSeasonScraper: AJAX 에러: pageRedirect 감지
2026-03-24 12:25:50 [WARNING] KBOSeasonScraper:   [runner_basic] 2페이지 실패, 건너뜀
2026-03-24 12:25:50 [INFO] KBOSeasonScraper:   [runner_basic] 3/5 페이지...
2026-03-24 12:25:50 [WARNING] KBOSeasonScraper: AJAX 에러: pageRedirect 감지
2026-03-24 12:25:50 [WARNING] KBOSeasonScraper:   [runner_basic] 3페이지 실패, 건너뜀
2026-03-24 12:25:50 [INFO] KBOSeasonScraper:   [runner_basic] 4/5 페이지...
2026-03-24 12:25:50 [WARNING] KBOSeasonScraper: AJAX 에러: pageRedirect 감지
2026-03-24 12:25:50 [WARNING] KBOSeasonScraper:   [runner_basic] 4페이지 실패, 건너뜀
2026-03-24 12:25:50 [INFO] KBOSeasonScraper:   [runner_basic] 5/5 페이지...
2026-03-24 12:25:50 [WARNING] KBOSeasonScraper: AJAX 에러: pageRedirect 감지
2026-03-24 12:25:50 [WARNING] KBOSeasonScraper:   [runner_basic] 5페이지 실패, 건너뜀
2026-03-24 12:25:50 [INFO] KBOSeasonScraper: [runner_basic] 전체 순위 크롤링 완료 — 30명
2026-03-24 12:25:50 [INFO] data_parser: [runner_basic] 데이터 정제 시작 (30개 행)
2026-03-24 12:25:50 [INFO] data_parser: [runner_basic] 데이터 정제 완료 — 30행 × 13열, 숫자 컬럼 9개
2026-03-24 12:25:51 [INFO] SQLiteStorage: SQLite 저장 완료: kbo_runner_basic_2008 (30행)
2026-03-24 12:25:51 [INFO] DefRunner: [runner_basic] 2008년 완료: 30행 → kbo_runner_basic_2008
2026-03-24 12:25:52 [INFO] DefRunner: [runner_basic] 2009년 수집 시작
2026-03-24 12:25:52 [INFO] KBOSeasonScraper: [runner_basic] 전체 순위 크롤링 시작 (연도: 2009)
2026-03-24 12:25:52 [INFO] KBOSeasonScraper:   [runner_basic] 2/5 페이지...
2026-03-24 12:25:52 [WARNING] KBOSeasonScraper: AJAX 에러: pageRedirect 감지
2026-03-24 12:25:52 [WARNING] KBOSeasonScraper:   [runner_basic] 2페이지 실패, 건너뜀
2026-03-24 12:25:52 [INFO] KBOSeasonScraper:   [runner_basic] 3/5 페이지...
2026-03-24 12:25:52 [WARNING] KBOSeasonScraper: AJAX 에러: pageRedirect 감지
2026-03-24 12:25:52 [WARNING] KBOSeasonScraper:   [runner_basic] 3페이지 실패, 건너뜀
2026-03-24 12:25:52 [INFO] KBOSeasonScraper:   [runner_basic] 4/5 페이지...
2026-03-24 12:25:52 [WARNING] KBOSeasonScraper: AJAX 에러: pageRedirect 감지
2026-03-24 12:25:52 [WARNING] KBOSeasonScraper:   [runner_basic] 4페이지 실패, 건너뜀
2026-03-24 12:25:52 [INFO] KBOSeasonScraper:   [runner_basic] 5/5 페이지...
2026-03-24 12:25:52 [WARNING] KBOSeasonScraper: AJAX 에러: pageRedirect 감지
2026-03-24 12:25:52 [WARNING] KBOSeasonScraper:   [runner_basic] 5페이지 실패, 건너뜀
2026-03-24 12:25:52 [INFO] KBOSeasonScraper: [runner_basic] 전체 순위 크롤링 완료 — 30명
2026-03-24 12:25:52 [INFO] data_parser: [runner_basic] 데이터 정제 시작 (30개 행)
2026-03-24 12:25:52 [INFO] data_parser: [runner_basic] 데이터 정제 완료 — 30행 × 13열, 숫자 컬럼 9개
2026-03-24 12:25:52 [INFO] SQLiteStorage: SQLite 저장 완료: kbo_runner_basic_2009 (30행)
2026-03-24 12:25:52 [INFO] DefRunner: [runner_basic] 2009년 완료: 30행 → kbo_runner_basic_2009
2026-03-24 12:25:53 [INFO] DefRunner: [runner_basic] 2010년 수집 시작
2026-03-24 12:25:53 [INFO] KBOSeasonScraper: [runner_basic] 전체 순위 크롤링 시작 (연도: 2010)
2026-03-24 12:25:53 [INFO] KBOSeasonScraper:   [runner_basic] 2/5 페이지...
2026-03-24 12:25:53 [WARNING] KBOSeasonScraper: AJAX 에러: pageRedirect 감지
2026-03-24 12:25:53 [WARNING] KBOSeasonScraper:   [runner_basic] 2페이지 실패, 건너뜀
2026-03-24 12:25:53 [INFO] KBOSeasonScraper:   [runner_basic] 3/5 페이지...
2026-03-24 12:25:53 [WARNING] KBOSeasonScraper: AJAX 에러: pageRedirect 감지
2026-03-24 12:25:53 [WARNING] KBOSeasonScraper:   [runner_basic] 3페이지 실패, 건너뜀
2026-03-24 12:25:53 [INFO] KBOSeasonScraper:   [runner_basic] 4/5 페이지...
2026-03-24 12:25:53 [WARNING] KBOSeasonScraper: AJAX 에러: pageRedirect 감지
2026-03-24 12:25:53 [WARNING] KBOSeasonScraper:   [runner_basic] 4페이지 실패, 건너뜀
2026-03-24 12:25:53 [INFO] KBOSeasonScraper:   [runner_basic] 5/5 페이지...
2026-03-24 12:25:53 [WARNING] KBOSeasonScraper: AJAX 에러: pageRedirect 감지
2026-03-24 12:25:53 [WARNING] KBOSeasonScraper:   [runner_basic] 5페이지 실패, 건너뜀
2026-03-24 12:25:53 [INFO] KBOSeasonScraper: [runner_basic] 전체 순위 크롤링 완료 — 30명
2026-03-24 12:25:53 [INFO] data_parser: [runner_basic] 데이터 정제 시작 (30개 행)
2026-03-24 12:25:53 [INFO] data_parser: [runner_basic] 데이터 정제 완료 — 30행 × 13열, 숫자 컬럼 9개
2026-03-24 12:25:53 [INFO] SQLiteStorage: SQLite 저장 완료: kbo_runner_basic_2010 (30행)
2026-03-24 12:25:53 [INFO] DefRunner: [runner_basic] 2010년 완료: 30행 → kbo_runner_basic_2010
2026-03-24 12:25:54 [INFO] DefRunner: [runner_basic] 2011년 수집 시작
2026-03-24 12:25:54 [INFO] KBOSeasonScraper: [runner_basic] 전체 순위 크롤링 시작 (연도: 2011)
2026-03-24 12:25:54 [INFO] KBOSeasonScraper:   [runner_basic] 2/5 페이지...
2026-03-24 12:25:54 [WARNING] KBOSeasonScraper: AJAX 에러: pageRedirect 감지
2026-03-24 12:25:54 [WARNING] KBOSeasonScraper:   [runner_basic] 2페이지 실패, 건너뜀
2026-03-24 12:25:54 [INFO] KBOSeasonScraper:   [runner_basic] 3/5 페이지...
2026-03-24 12:25:54 [WARNING] KBOSeasonScraper: AJAX 에러: pageRedirect 감지
2026-03-24 12:25:54 [WARNING] KBOSeasonScraper:   [runner_basic] 3페이지 실패, 건너뜀
2026-03-24 12:25:54 [INFO] KBOSeasonScraper:   [runner_basic] 4/5 페이지...
2026-03-24 12:25:54 [WARNING] KBOSeasonScraper: AJAX 에러: pageRedirect 감지
2026-03-24 12:25:54 [WARNING] KBOSeasonScraper:   [runner_basic] 4페이지 실패, 건너뜀
2026-03-24 12:25:54 [INFO] KBOSeasonScraper:   [runner_basic] 5/5 페이지...
2026-03-24 12:25:54 [WARNING] KBOSeasonScraper: AJAX 에러: pageRedirect 감지
2026-03-24 12:25:54 [WARNING] KBOSeasonScraper:   [runner_basic] 5페이지 실패, 건너뜀
2026-03-24 12:25:54 [INFO] KBOSeasonScraper: [runner_basic] 전체 순위 크롤링 완료 — 30명
2026-03-24 12:25:54 [INFO] data_parser: [runner_basic] 데이터 정제 시작 (30개 행)
2026-03-24 12:25:54 [INFO] data_parser: [runner_basic] 데이터 정제 완료 — 30행 × 13열, 숫자 컬럼 9개
2026-03-24 12:25:54 [INFO] SQLiteStorage: SQLite 저장 완료: kbo_runner_basic_2011 (30행)
2026-03-24 12:25:54 [INFO] DefRunner: [runner_basic] 2011년 완료: 30행 → kbo_runner_basic_2011
2026-03-24 12:25:55 [INFO] DefRunner: [runner_basic] 2012년 수집 시작
2026-03-24 12:25:55 [INFO] KBOSeasonScraper: [runner_basic] 전체 순위 크롤링 시작 (연도: 2012)
2026-03-24 12:25:55 [INFO] KBOSeasonScraper:   [runner_basic] 2/5 페이지...
2026-03-24 12:25:56 [WARNING] KBOSeasonScraper: AJAX 에러: pageRedirect 감지
2026-03-24 12:25:56 [WARNING] KBOSeasonScraper:   [runner_basic] 2페이지 실패, 건너뜀
2026-03-24 12:25:56 [INFO] KBOSeasonScraper:   [runner_basic] 3/5 페이지...
2026-03-24 12:25:56 [WARNING] KBOSeasonScraper: AJAX 에러: pageRedirect 감지
2026-03-24 12:25:56 [WARNING] KBOSeasonScraper:   [runner_basic] 3페이지 실패, 건너뜀
2026-03-24 12:25:56 [INFO] KBOSeasonScraper:   [runner_basic] 4/5 페이지...
2026-03-24 12:25:56 [WARNING] KBOSeasonScraper: AJAX 에러: pageRedirect 감지
2026-03-24 12:25:56 [WARNING] KBOSeasonScraper:   [runner_basic] 4페이지 실패, 건너뜀
2026-03-24 12:25:56 [INFO] KBOSeasonScraper:   [runner_basic] 5/5 페이지...
2026-03-24 12:25:56 [WARNING] KBOSeasonScraper: AJAX 에러: pageRedirect 감지
2026-03-24 12:25:56 [WARNING] KBOSeasonScraper:   [runner_basic] 5페이지 실패, 건너뜀
2026-03-24 12:25:56 [INFO] KBOSeasonScraper: [runner_basic] 전체 순위 크롤링 완료 — 30명
2026-03-24 12:25:56 [INFO] data_parser: [runner_basic] 데이터 정제 시작 (30개 행)
2026-03-24 12:25:56 [INFO] data_parser: [runner_basic] 데이터 정제 완료 — 30행 × 13열, 숫자 컬럼 9개
2026-03-24 12:25:56 [INFO] SQLiteStorage: SQLite 저장 완료: kbo_runner_basic_2012 (30행)
2026-03-24 12:25:56 [INFO] DefRunner: [runner_basic] 2012년 완료: 30행 → kbo_runner_basic_2012
2026-03-24 12:25:57 [INFO] DefRunner: [runner_basic] 2013년 수집 시작
2026-03-24 12:25:57 [INFO] KBOSeasonScraper: [runner_basic] 전체 순위 크롤링 시작 (연도: 2013)
2026-03-24 12:25:57 [INFO] KBOSeasonScraper:   [runner_basic] 2/5 페이지...
2026-03-24 12:25:57 [WARNING] KBOSeasonScraper: AJAX 에러: pageRedirect 감지
2026-03-24 12:25:57 [WARNING] KBOSeasonScraper:   [runner_basic] 2페이지 실패, 건너뜀
2026-03-24 12:25:57 [INFO] KBOSeasonScraper:   [runner_basic] 3/5 페이지...
2026-03-24 12:25:57 [WARNING] KBOSeasonScraper: AJAX 에러: pageRedirect 감지
2026-03-24 12:25:57 [WARNING] KBOSeasonScraper:   [runner_basic] 3페이지 실패, 건너뜀
2026-03-24 12:25:57 [INFO] KBOSeasonScraper:   [runner_basic] 4/5 페이지...
2026-03-24 12:25:57 [WARNING] KBOSeasonScraper: AJAX 에러: pageRedirect 감지
2026-03-24 12:25:57 [WARNING] KBOSeasonScraper:   [runner_basic] 4페이지 실패, 건너뜀
2026-03-24 12:25:57 [INFO] KBOSeasonScraper:   [runner_basic] 5/5 페이지...
2026-03-24 12:25:57 [WARNING] KBOSeasonScraper: AJAX 에러: pageRedirect 감지
2026-03-24 12:25:57 [WARNING] KBOSeasonScraper:   [runner_basic] 5페이지 실패, 건너뜀
2026-03-24 12:25:57 [INFO] KBOSeasonScraper: [runner_basic] 전체 순위 크롤링 완료 — 30명
2026-03-24 12:25:57 [INFO] data_parser: [runner_basic] 데이터 정제 시작 (30개 행)
2026-03-24 12:25:57 [INFO] data_parser: [runner_basic] 데이터 정제 완료 — 30행 × 13열, 숫자 컬럼 9개
2026-03-24 12:25:57 [INFO] SQLiteStorage: SQLite 저장 완료: kbo_runner_basic_2013 (30행)
2026-03-24 12:25:57 [INFO] DefRunner: [runner_basic] 2013년 완료: 30행 → kbo_runner_basic_2013
2026-03-24 12:25:58 [INFO] DefRunner: [runner_basic] 2014년 수집 시작
2026-03-24 12:25:58 [INFO] KBOSeasonScraper: [runner_basic] 전체 순위 크롤링 시작 (연도: 2014)
2026-03-24 12:25:58 [INFO] KBOSeasonScraper:   [runner_basic] 2/5 페이지...
2026-03-24 12:25:58 [WARNING] KBOSeasonScraper: AJAX 에러: pageRedirect 감지
2026-03-24 12:25:58 [WARNING] KBOSeasonScraper:   [runner_basic] 2페이지 실패, 건너뜀
2026-03-24 12:25:58 [INFO] KBOSeasonScraper:   [runner_basic] 3/5 페이지...
2026-03-24 12:25:58 [WARNING] KBOSeasonScraper: AJAX 에러: pageRedirect 감지
2026-03-24 12:25:58 [WARNING] KBOSeasonScraper:   [runner_basic] 3페이지 실패, 건너뜀
2026-03-24 12:25:58 [INFO] KBOSeasonScraper:   [runner_basic] 4/5 페이지...
2026-03-24 12:25:58 [WARNING] KBOSeasonScraper: AJAX 에러: pageRedirect 감지
2026-03-24 12:25:58 [WARNING] KBOSeasonScraper:   [runner_basic] 4페이지 실패, 건너뜀
2026-03-24 12:25:58 [INFO] KBOSeasonScraper:   [runner_basic] 5/5 페이지...
2026-03-24 12:25:58 [WARNING] KBOSeasonScraper: AJAX 에러: pageRedirect 감지
2026-03-24 12:25:58 [WARNING] KBOSeasonScraper:   [runner_basic] 5페이지 실패, 건너뜀
2026-03-24 12:25:58 [INFO] KBOSeasonScraper: [runner_basic] 전체 순위 크롤링 완료 — 30명
2026-03-24 12:25:58 [INFO] data_parser: [runner_basic] 데이터 정제 시작 (30개 행)
2026-03-24 12:25:58 [INFO] data_parser: [runner_basic] 데이터 정제 완료 — 30행 × 13열, 숫자 컬럼 9개
2026-03-24 12:25:58 [INFO] SQLiteStorage: SQLite 저장 완료: kbo_runner_basic_2014 (30행)
2026-03-24 12:25:58 [INFO] DefRunner: [runner_basic] 2014년 완료: 30행 → kbo_runner_basic_2014
2026-03-24 12:25:59 [INFO] DefRunner: [runner_basic] 2015년 수집 시작
2026-03-24 12:25:59 [INFO] KBOSeasonScraper: [runner_basic] 전체 순위 크롤링 시작 (연도: 2015)
2026-03-24 12:25:59 [INFO] KBOSeasonScraper:   [runner_basic] 2/5 페이지...
2026-03-24 12:25:59 [WARNING] KBOSeasonScraper: AJAX 에러: pageRedirect 감지
2026-03-24 12:25:59 [WARNING] KBOSeasonScraper:   [runner_basic] 2페이지 실패, 건너뜀
2026-03-24 12:25:59 [INFO] KBOSeasonScraper:   [runner_basic] 3/5 페이지...
2026-03-24 12:25:59 [WARNING] KBOSeasonScraper: AJAX 에러: pageRedirect 감지
2026-03-24 12:25:59 [WARNING] KBOSeasonScraper:   [runner_basic] 3페이지 실패, 건너뜀
2026-03-24 12:25:59 [INFO] KBOSeasonScraper:   [runner_basic] 4/5 페이지...
2026-03-24 12:25:59 [WARNING] KBOSeasonScraper: AJAX 에러: pageRedirect 감지
2026-03-24 12:25:59 [WARNING] KBOSeasonScraper:   [runner_basic] 4페이지 실패, 건너뜀
2026-03-24 12:25:59 [INFO] KBOSeasonScraper:   [runner_basic] 5/5 페이지...
2026-03-24 12:25:59 [WARNING] KBOSeasonScraper: AJAX 에러: pageRedirect 감지
2026-03-24 12:25:59 [WARNING] KBOSeasonScraper:   [runner_basic] 5페이지 실패, 건너뜀
2026-03-24 12:25:59 [INFO] KBOSeasonScraper: [runner_basic] 전체 순위 크롤링 완료 — 30명
2026-03-24 12:25:59 [INFO] data_parser: [runner_basic] 데이터 정제 시작 (30개 행)
2026-03-24 12:25:59 [INFO] data_parser: [runner_basic] 데이터 정제 완료 — 30행 × 13열, 숫자 컬럼 9개
2026-03-24 12:26:00 [INFO] SQLiteStorage: SQLite 저장 완료: kbo_runner_basic_2015 (30행)
2026-03-24 12:26:00 [INFO] DefRunner: [runner_basic] 2015년 완료: 30행 → kbo_runner_basic_2015
2026-03-24 12:26:01 [INFO] DefRunner: [runner_basic] 2016년 수집 시작
2026-03-24 12:26:01 [INFO] KBOSeasonScraper: [runner_basic] 전체 순위 크롤링 시작 (연도: 2016)
2026-03-24 12:26:01 [INFO] KBOSeasonScraper:   [runner_basic] 2/5 페이지...
2026-03-24 12:26:01 [WARNING] KBOSeasonScraper: AJAX 에러: pageRedirect 감지
2026-03-24 12:26:01 [WARNING] KBOSeasonScraper:   [runner_basic] 2페이지 실패, 건너뜀
2026-03-24 12:26:01 [INFO] KBOSeasonScraper:   [runner_basic] 3/5 페이지...
2026-03-24 12:26:01 [WARNING] KBOSeasonScraper: AJAX 에러: pageRedirect 감지
2026-03-24 12:26:01 [WARNING] KBOSeasonScraper:   [runner_basic] 3페이지 실패, 건너뜀
2026-03-24 12:26:01 [INFO] KBOSeasonScraper:   [runner_basic] 4/5 페이지...
2026-03-24 12:26:01 [WARNING] KBOSeasonScraper: AJAX 에러: pageRedirect 감지
2026-03-24 12:26:01 [WARNING] KBOSeasonScraper:   [runner_basic] 4페이지 실패, 건너뜀
2026-03-24 12:26:01 [INFO] KBOSeasonScraper:   [runner_basic] 5/5 페이지...
2026-03-24 12:26:01 [WARNING] KBOSeasonScraper: AJAX 에러: pageRedirect 감지
2026-03-24 12:26:01 [WARNING] KBOSeasonScraper:   [runner_basic] 5페이지 실패, 건너뜀
2026-03-24 12:26:01 [INFO] KBOSeasonScraper: [runner_basic] 전체 순위 크롤링 완료 — 30명
2026-03-24 12:26:01 [INFO] data_parser: [runner_basic] 데이터 정제 시작 (30개 행)
2026-03-24 12:26:01 [INFO] data_parser: [runner_basic] 데이터 정제 완료 — 30행 × 13열, 숫자 컬럼 9개
2026-03-24 12:26:01 [INFO] SQLiteStorage: SQLite 저장 완료: kbo_runner_basic_2016 (30행)
2026-03-24 12:26:01 [INFO] DefRunner: [runner_basic] 2016년 완료: 30행 → kbo_runner_basic_2016
2026-03-24 12:26:02 [INFO] DefRunner: [runner_basic] 2017년 수집 시작
2026-03-24 12:26:02 [INFO] KBOSeasonScraper: [runner_basic] 전체 순위 크롤링 시작 (연도: 2017)
2026-03-24 12:26:02 [INFO] KBOSeasonScraper:   [runner_basic] 2/5 페이지...
2026-03-24 12:26:02 [WARNING] KBOSeasonScraper: AJAX 에러: pageRedirect 감지
2026-03-24 12:26:02 [WARNING] KBOSeasonScraper:   [runner_basic] 2페이지 실패, 건너뜀
2026-03-24 12:26:02 [INFO] KBOSeasonScraper:   [runner_basic] 3/5 페이지...
2026-03-24 12:26:02 [WARNING] KBOSeasonScraper: AJAX 에러: pageRedirect 감지
2026-03-24 12:26:02 [WARNING] KBOSeasonScraper:   [runner_basic] 3페이지 실패, 건너뜀
2026-03-24 12:26:02 [INFO] KBOSeasonScraper:   [runner_basic] 4/5 페이지...
2026-03-24 12:26:02 [WARNING] KBOSeasonScraper: AJAX 에러: pageRedirect 감지
2026-03-24 12:26:02 [WARNING] KBOSeasonScraper:   [runner_basic] 4페이지 실패, 건너뜀
2026-03-24 12:26:02 [INFO] KBOSeasonScraper:   [runner_basic] 5/5 페이지...
2026-03-24 12:26:02 [WARNING] KBOSeasonScraper: AJAX 에러: pageRedirect 감지
2026-03-24 12:26:02 [WARNING] KBOSeasonScraper:   [runner_basic] 5페이지 실패, 건너뜀
2026-03-24 12:26:02 [INFO] KBOSeasonScraper: [runner_basic] 전체 순위 크롤링 완료 — 30명
2026-03-24 12:26:02 [INFO] data_parser: [runner_basic] 데이터 정제 시작 (30개 행)
2026-03-24 12:26:02 [INFO] data_parser: [runner_basic] 데이터 정제 완료 — 30행 × 13열, 숫자 컬럼 9개
2026-03-24 12:26:02 [INFO] SQLiteStorage: SQLite 저장 완료: kbo_runner_basic_2017 (30행)
2026-03-24 12:26:02 [INFO] DefRunner: [runner_basic] 2017년 완료: 30행 → kbo_runner_basic_2017
2026-03-24 12:26:03 [INFO] DefRunner: [runner_basic] 2018년 수집 시작
2026-03-24 12:26:03 [INFO] KBOSeasonScraper: [runner_basic] 전체 순위 크롤링 시작 (연도: 2018)
2026-03-24 12:26:03 [INFO] KBOSeasonScraper:   [runner_basic] 2/5 페이지...
2026-03-24 12:26:03 [WARNING] KBOSeasonScraper: AJAX 에러: pageRedirect 감지
2026-03-24 12:26:03 [WARNING] KBOSeasonScraper:   [runner_basic] 2페이지 실패, 건너뜀
2026-03-24 12:26:03 [INFO] KBOSeasonScraper:   [runner_basic] 3/5 페이지...
2026-03-24 12:26:04 [WARNING] KBOSeasonScraper: AJAX 에러: pageRedirect 감지
2026-03-24 12:26:04 [WARNING] KBOSeasonScraper:   [runner_basic] 3페이지 실패, 건너뜀
2026-03-24 12:26:04 [INFO] KBOSeasonScraper:   [runner_basic] 4/5 페이지...
2026-03-24 12:26:04 [WARNING] KBOSeasonScraper: AJAX 에러: pageRedirect 감지
2026-03-24 12:26:04 [WARNING] KBOSeasonScraper:   [runner_basic] 4페이지 실패, 건너뜀
2026-03-24 12:26:04 [INFO] KBOSeasonScraper:   [runner_basic] 5/5 페이지...
2026-03-24 12:26:04 [WARNING] KBOSeasonScraper: AJAX 에러: pageRedirect 감지
2026-03-24 12:26:04 [WARNING] KBOSeasonScraper:   [runner_basic] 5페이지 실패, 건너뜀
2026-03-24 12:26:04 [INFO] KBOSeasonScraper: [runner_basic] 전체 순위 크롤링 완료 — 30명
2026-03-24 12:26:04 [INFO] data_parser: [runner_basic] 데이터 정제 시작 (30개 행)
2026-03-24 12:26:04 [INFO] data_parser: [runner_basic] 데이터 정제 완료 — 30행 × 13열, 숫자 컬럼 9개
2026-03-24 12:26:04 [INFO] SQLiteStorage: SQLite 저장 완료: kbo_runner_basic_2018 (30행)
2026-03-24 12:26:04 [INFO] DefRunner: [runner_basic] 2018년 완료: 30행 → kbo_runner_basic_2018
2026-03-24 12:26:05 [INFO] DefRunner: [runner_basic] 2019년 수집 시작
2026-03-24 12:26:05 [INFO] KBOSeasonScraper: [runner_basic] 전체 순위 크롤링 시작 (연도: 2019)
2026-03-24 12:26:05 [INFO] KBOSeasonScraper:   [runner_basic] 2/5 페이지...
2026-03-24 12:26:05 [WARNING] KBOSeasonScraper: AJAX 에러: pageRedirect 감지
2026-03-24 12:26:05 [WARNING] KBOSeasonScraper:   [runner_basic] 2페이지 실패, 건너뜀
2026-03-24 12:26:05 [INFO] KBOSeasonScraper:   [runner_basic] 3/5 페이지...
2026-03-24 12:26:05 [WARNING] KBOSeasonScraper: AJAX 에러: pageRedirect 감지
2026-03-24 12:26:05 [WARNING] KBOSeasonScraper:   [runner_basic] 3페이지 실패, 건너뜀
2026-03-24 12:26:05 [INFO] KBOSeasonScraper:   [runner_basic] 4/5 페이지...
2026-03-24 12:26:05 [WARNING] KBOSeasonScraper: AJAX 에러: pageRedirect 감지
2026-03-24 12:26:05 [WARNING] KBOSeasonScraper:   [runner_basic] 4페이지 실패, 건너뜀
2026-03-24 12:26:05 [INFO] KBOSeasonScraper:   [runner_basic] 5/5 페이지...
2026-03-24 12:26:05 [WARNING] KBOSeasonScraper: AJAX 에러: pageRedirect 감지
2026-03-24 12:26:05 [WARNING] KBOSeasonScraper:   [runner_basic] 5페이지 실패, 건너뜀
2026-03-24 12:26:05 [INFO] KBOSeasonScraper: [runner_basic] 전체 순위 크롤링 완료 — 30명
2026-03-24 12:26:05 [INFO] data_parser: [runner_basic] 데이터 정제 시작 (30개 행)
2026-03-24 12:26:05 [INFO] data_parser: [runner_basic] 데이터 정제 완료 — 30행 × 13열, 숫자 컬럼 9개
2026-03-24 12:26:05 [INFO] SQLiteStorage: SQLite 저장 완료: kbo_runner_basic_2019 (30행)
2026-03-24 12:26:05 [INFO] DefRunner: [runner_basic] 2019년 완료: 30행 → kbo_runner_basic_2019
2026-03-24 12:26:06 [INFO] DefRunner: [runner_basic] 2020년 수집 시작
2026-03-24 12:26:06 [INFO] KBOSeasonScraper: [runner_basic] 전체 순위 크롤링 시작 (연도: 2020)
2026-03-24 12:26:06 [INFO] KBOSeasonScraper:   [runner_basic] 2/5 페이지...
2026-03-24 12:26:06 [WARNING] KBOSeasonScraper: AJAX 에러: pageRedirect 감지
2026-03-24 12:26:06 [WARNING] KBOSeasonScraper:   [runner_basic] 2페이지 실패, 건너뜀
2026-03-24 12:26:06 [INFO] KBOSeasonScraper:   [runner_basic] 3/5 페이지...
2026-03-24 12:26:06 [WARNING] KBOSeasonScraper: AJAX 에러: pageRedirect 감지
2026-03-24 12:26:06 [WARNING] KBOSeasonScraper:   [runner_basic] 3페이지 실패, 건너뜀
2026-03-24 12:26:06 [INFO] KBOSeasonScraper:   [runner_basic] 4/5 페이지...
2026-03-24 12:26:06 [WARNING] KBOSeasonScraper: AJAX 에러: pageRedirect 감지
2026-03-24 12:26:06 [WARNING] KBOSeasonScraper:   [runner_basic] 4페이지 실패, 건너뜀
2026-03-24 12:26:06 [INFO] KBOSeasonScraper:   [runner_basic] 5/5 페이지...
2026-03-24 12:26:06 [WARNING] KBOSeasonScraper: AJAX 에러: pageRedirect 감지
2026-03-24 12:26:06 [WARNING] KBOSeasonScraper:   [runner_basic] 5페이지 실패, 건너뜀
2026-03-24 12:26:06 [INFO] KBOSeasonScraper: [runner_basic] 전체 순위 크롤링 완료 — 30명
2026-03-24 12:26:06 [INFO] data_parser: [runner_basic] 데이터 정제 시작 (30개 행)
2026-03-24 12:26:06 [INFO] data_parser: [runner_basic] 데이터 정제 완료 — 30행 × 13열, 숫자 컬럼 9개
2026-03-24 12:26:06 [INFO] SQLiteStorage: SQLite 저장 완료: kbo_runner_basic_2020 (30행)
2026-03-24 12:26:06 [INFO] DefRunner: [runner_basic] 2020년 완료: 30행 → kbo_runner_basic_2020
2026-03-24 12:26:07 [INFO] DefRunner: [runner_basic] 2021년 수집 시작
2026-03-24 12:26:07 [INFO] KBOSeasonScraper: [runner_basic] 전체 순위 크롤링 시작 (연도: 2021)
2026-03-24 12:26:07 [INFO] KBOSeasonScraper:   [runner_basic] 2/5 페이지...
2026-03-24 12:26:07 [WARNING] KBOSeasonScraper: AJAX 에러: pageRedirect 감지
2026-03-24 12:26:07 [WARNING] KBOSeasonScraper:   [runner_basic] 2페이지 실패, 건너뜀
2026-03-24 12:26:07 [INFO] KBOSeasonScraper:   [runner_basic] 3/5 페이지...
2026-03-24 12:26:07 [WARNING] KBOSeasonScraper: AJAX 에러: pageRedirect 감지
2026-03-24 12:26:07 [WARNING] KBOSeasonScraper:   [runner_basic] 3페이지 실패, 건너뜀
2026-03-24 12:26:07 [INFO] KBOSeasonScraper:   [runner_basic] 4/5 페이지...
2026-03-24 12:26:07 [WARNING] KBOSeasonScraper: AJAX 에러: pageRedirect 감지
2026-03-24 12:26:07 [WARNING] KBOSeasonScraper:   [runner_basic] 4페이지 실패, 건너뜀
2026-03-24 12:26:07 [INFO] KBOSeasonScraper:   [runner_basic] 5/5 페이지...
2026-03-24 12:26:07 [WARNING] KBOSeasonScraper: AJAX 에러: pageRedirect 감지
2026-03-24 12:26:07 [WARNING] KBOSeasonScraper:   [runner_basic] 5페이지 실패, 건너뜀
2026-03-24 12:26:07 [INFO] KBOSeasonScraper: [runner_basic] 전체 순위 크롤링 완료 — 30명
2026-03-24 12:26:07 [INFO] data_parser: [runner_basic] 데이터 정제 시작 (30개 행)
2026-03-24 12:26:07 [INFO] data_parser: [runner_basic] 데이터 정제 완료 — 30행 × 13열, 숫자 컬럼 9개
2026-03-24 12:26:07 [INFO] SQLiteStorage: SQLite 저장 완료: kbo_runner_basic_2021 (30행)
2026-03-24 12:26:07 [INFO] DefRunner: [runner_basic] 2021년 완료: 30행 → kbo_runner_basic_2021
2026-03-24 12:26:08 [INFO] DefRunner: [runner_basic] 2022년 수집 시작
2026-03-24 12:26:08 [INFO] KBOSeasonScraper: [runner_basic] 전체 순위 크롤링 시작 (연도: 2022)
2026-03-24 12:26:08 [INFO] KBOSeasonScraper:   [runner_basic] 2/5 페이지...
2026-03-24 12:26:08 [WARNING] KBOSeasonScraper: AJAX 에러: pageRedirect 감지
2026-03-24 12:26:08 [WARNING] KBOSeasonScraper:   [runner_basic] 2페이지 실패, 건너뜀
2026-03-24 12:26:08 [INFO] KBOSeasonScraper:   [runner_basic] 3/5 페이지...
2026-03-24 12:26:08 [WARNING] KBOSeasonScraper: AJAX 에러: pageRedirect 감지
2026-03-24 12:26:08 [WARNING] KBOSeasonScraper:   [runner_basic] 3페이지 실패, 건너뜀
2026-03-24 12:26:08 [INFO] KBOSeasonScraper:   [runner_basic] 4/5 페이지...
2026-03-24 12:26:08 [WARNING] KBOSeasonScraper: AJAX 에러: pageRedirect 감지
2026-03-24 12:26:08 [WARNING] KBOSeasonScraper:   [runner_basic] 4페이지 실패, 건너뜀
2026-03-24 12:26:08 [INFO] KBOSeasonScraper:   [runner_basic] 5/5 페이지...
2026-03-24 12:26:08 [WARNING] KBOSeasonScraper: AJAX 에러: pageRedirect 감지
2026-03-24 12:26:08 [WARNING] KBOSeasonScraper:   [runner_basic] 5페이지 실패, 건너뜀
2026-03-24 12:26:08 [INFO] KBOSeasonScraper: [runner_basic] 전체 순위 크롤링 완료 — 30명
2026-03-24 12:26:08 [INFO] data_parser: [runner_basic] 데이터 정제 시작 (30개 행)
2026-03-24 12:26:08 [INFO] data_parser: [runner_basic] 데이터 정제 완료 — 30행 × 13열, 숫자 컬럼 9개
2026-03-24 12:26:08 [INFO] SQLiteStorage: SQLite 저장 완료: kbo_runner_basic_2022 (30행)
2026-03-24 12:26:08 [INFO] DefRunner: [runner_basic] 2022년 완료: 30행 → kbo_runner_basic_2022
2026-03-24 12:26:09 [INFO] DefRunner: [runner_basic] 2023년 수집 시작
2026-03-24 12:26:09 [INFO] KBOSeasonScraper: [runner_basic] 전체 순위 크롤링 시작 (연도: 2023)
2026-03-24 12:26:10 [INFO] KBOSeasonScraper:   [runner_basic] 2/5 페이지...
2026-03-24 12:26:10 [WARNING] KBOSeasonScraper: AJAX 에러: pageRedirect 감지
2026-03-24 12:26:10 [WARNING] KBOSeasonScraper:   [runner_basic] 2페이지 실패, 건너뜀
2026-03-24 12:26:10 [INFO] KBOSeasonScraper:   [runner_basic] 3/5 페이지...
2026-03-24 12:26:10 [WARNING] KBOSeasonScraper: AJAX 에러: pageRedirect 감지
2026-03-24 12:26:10 [WARNING] KBOSeasonScraper:   [runner_basic] 3페이지 실패, 건너뜀
2026-03-24 12:26:10 [INFO] KBOSeasonScraper:   [runner_basic] 4/5 페이지...
2026-03-24 12:26:10 [WARNING] KBOSeasonScraper: AJAX 에러: pageRedirect 감지
2026-03-24 12:26:10 [WARNING] KBOSeasonScraper:   [runner_basic] 4페이지 실패, 건너뜀
2026-03-24 12:26:10 [INFO] KBOSeasonScraper:   [runner_basic] 5/5 페이지...
2026-03-24 12:26:10 [WARNING] KBOSeasonScraper: AJAX 에러: pageRedirect 감지
2026-03-24 12:26:10 [WARNING] KBOSeasonScraper:   [runner_basic] 5페이지 실패, 건너뜀
2026-03-24 12:26:10 [INFO] KBOSeasonScraper: [runner_basic] 전체 순위 크롤링 완료 — 30명
2026-03-24 12:26:10 [INFO] data_parser: [runner_basic] 데이터 정제 시작 (30개 행)
2026-03-24 12:26:10 [INFO] data_parser: [runner_basic] 데이터 정제 완료 — 30행 × 13열, 숫자 컬럼 9개
2026-03-24 12:26:10 [INFO] SQLiteStorage: SQLite 저장 완료: kbo_runner_basic_2023 (30행)
2026-03-24 12:26:10 [INFO] DefRunner: [runner_basic] 2023년 완료: 30행 → kbo_runner_basic_2023
2026-03-24 12:26:11 [INFO] DefRunner: [runner_basic] 2024년 수집 시작
2026-03-24 12:26:11 [INFO] KBOSeasonScraper: [runner_basic] 전체 순위 크롤링 시작 (연도: 2024)
2026-03-24 12:26:11 [INFO] KBOSeasonScraper:   [runner_basic] 2/5 페이지...
2026-03-24 12:26:11 [WARNING] KBOSeasonScraper: AJAX 에러: pageRedirect 감지
2026-03-24 12:26:11 [WARNING] KBOSeasonScraper:   [runner_basic] 2페이지 실패, 건너뜀
2026-03-24 12:26:11 [INFO] KBOSeasonScraper:   [runner_basic] 3/5 페이지...
2026-03-24 12:26:11 [WARNING] KBOSeasonScraper: AJAX 에러: pageRedirect 감지
2026-03-24 12:26:11 [WARNING] KBOSeasonScraper:   [runner_basic] 3페이지 실패, 건너뜀
2026-03-24 12:26:11 [INFO] KBOSeasonScraper:   [runner_basic] 4/5 페이지...
2026-03-24 12:26:11 [WARNING] KBOSeasonScraper: AJAX 에러: pageRedirect 감지
2026-03-24 12:26:11 [WARNING] KBOSeasonScraper:   [runner_basic] 4페이지 실패, 건너뜀
2026-03-24 12:26:11 [INFO] KBOSeasonScraper:   [runner_basic] 5/5 페이지...
2026-03-24 12:26:11 [WARNING] KBOSeasonScraper: AJAX 에러: pageRedirect 감지
2026-03-24 12:26:11 [WARNING] KBOSeasonScraper:   [runner_basic] 5페이지 실패, 건너뜀
2026-03-24 12:26:11 [INFO] KBOSeasonScraper: [runner_basic] 전체 순위 크롤링 완료 — 30명
2026-03-24 12:26:11 [INFO] data_parser: [runner_basic] 데이터 정제 시작 (30개 행)
2026-03-24 12:26:11 [INFO] data_parser: [runner_basic] 데이터 정제 완료 — 30행 × 13열, 숫자 컬럼 9개
2026-03-24 12:26:11 [INFO] SQLiteStorage: SQLite 저장 완료: kbo_runner_basic_2024 (30행)
2026-03-24 12:26:11 [INFO] DefRunner: [runner_basic] 2024년 완료: 30행 → kbo_runner_basic_2024
2026-03-24 12:26:12 [INFO] DefRunner: [runner_basic] 2025년 수집 시작
2026-03-24 12:26:12 [INFO] KBOSeasonScraper: [runner_basic] 전체 순위 크롤링 시작 (연도: 2025)
2026-03-24 12:26:12 [INFO] KBOSeasonScraper:   [runner_basic] 2/5 페이지...
2026-03-24 12:26:12 [WARNING] KBOSeasonScraper: AJAX 에러: pageRedirect 감지
2026-03-24 12:26:12 [WARNING] KBOSeasonScraper:   [runner_basic] 2페이지 실패, 건너뜀
2026-03-24 12:26:12 [INFO] KBOSeasonScraper:   [runner_basic] 3/5 페이지...
2026-03-24 12:26:12 [WARNING] KBOSeasonScraper: AJAX 에러: pageRedirect 감지
2026-03-24 12:26:12 [WARNING] KBOSeasonScraper:   [runner_basic] 3페이지 실패, 건너뜀
2026-03-24 12:26:12 [INFO] KBOSeasonScraper:   [runner_basic] 4/5 페이지...
2026-03-24 12:26:12 [WARNING] KBOSeasonScraper: AJAX 에러: pageRedirect 감지
2026-03-24 12:26:12 [WARNING] KBOSeasonScraper:   [runner_basic] 4페이지 실패, 건너뜀
2026-03-24 12:26:12 [INFO] KBOSeasonScraper:   [runner_basic] 5/5 페이지...
2026-03-24 12:26:12 [WARNING] KBOSeasonScraper: AJAX 에러: pageRedirect 감지
2026-03-24 12:26:12 [WARNING] KBOSeasonScraper:   [runner_basic] 5페이지 실패, 건너뜀
2026-03-24 12:26:12 [INFO] KBOSeasonScraper: [runner_basic] 전체 순위 크롤링 완료 — 30명
2026-03-24 12:26:12 [INFO] data_parser: [runner_basic] 데이터 정제 시작 (30개 행)
2026-03-24 12:26:12 [INFO] data_parser: [runner_basic] 데이터 정제 완료 — 30행 × 13열, 숫자 컬럼 9개
2026-03-24 12:26:12 [INFO] SQLiteStorage: SQLite 저장 완료: kbo_runner_basic_2025 (30행)
2026-03-24 12:26:12 [INFO] DefRunner: [runner_basic] 2025년 완료: 30행 → kbo_runner_basic_2025
2026-03-24 12:26:13 [INFO] DefRunner: 
[runner_basic] 결과: 성공 25, 실패 0
2026-03-24 12:26:13 [INFO] SQLiteStorage: SQLite 연결 종료
2026-03-24 12:30:57 [INFO] SQLiteStorage: SQLite 연결 완료: kbo_data.db
2026-03-24 12:30:57 [INFO] DefRunner: ==================================================
2026-03-24 12:30:57 [INFO] DefRunner: fielding_basic — 수비 기본 기록
2026-03-24 12:30:57 [INFO] DefRunner: 전체: 1개 연도 (2025~2025)
2026-03-24 12:30:57 [INFO] DefRunner: 건너뜀: 0개 (이미 DB에 있음)
2026-03-24 12:30:57 [INFO] DefRunner: 크롤링: 1개
2026-03-24 12:30:57 [INFO] DefRunner: ==================================================
2026-03-24 12:30:57 [INFO] DefRunner: [fielding_basic] 2025년 수집 시작
2026-03-24 12:30:58 [WARNING] DefRunner: [fielding_basic] 2025년 데이터 없음
2026-03-24 12:30:59 [INFO] DefRunner: 
[fielding_basic] 결과: 성공 0, 실패 1
2026-03-24 12:30:59 [INFO] DefRunner: ==================================================
2026-03-24 12:30:59 [INFO] DefRunner: runner_basic — 주루 기본 기록
2026-03-24 12:30:59 [INFO] DefRunner: 전체: 1개 연도 (2025~2025)
2026-03-24 12:30:59 [INFO] DefRunner: 건너뜀: 0개 (이미 DB에 있음)
2026-03-24 12:30:59 [INFO] DefRunner: 크롤링: 1개
2026-03-24 12:30:59 [INFO] DefRunner: ==================================================
2026-03-24 12:30:59 [INFO] DefRunner: [runner_basic] 2025년 수집 시작
2026-03-24 12:30:59 [WARNING] DefRunner: [runner_basic] 2025년 데이터 없음
2026-03-24 12:31:00 [INFO] DefRunner: 
[runner_basic] 결과: 성공 0, 실패 1
2026-03-24 12:31:00 [INFO] SQLiteStorage: SQLite 연결 종료
2026-03-24 12:33:53 [INFO] SQLiteStorage: SQLite 연결 완료: kbo_data.db
2026-03-24 12:33:53 [INFO] DefRunner: ==================================================
2026-03-24 12:33:53 [INFO] DefRunner: fielding_basic — 수비 기본 기록
2026-03-24 12:33:53 [INFO] DefRunner: 전체: 1개 연도 (2025~2025)
2026-03-24 12:33:53 [INFO] DefRunner: 건너뜀: 0개 (이미 DB에 있음)
2026-03-24 12:33:53 [INFO] DefRunner: 크롤링: 1개
2026-03-24 12:33:53 [INFO] DefRunner: ==================================================
2026-03-24 12:33:53 [INFO] DefRunner: [fielding_basic] 2025년 수집 시작
2026-03-24 12:33:54 [WARNING] DefRunner: [fielding_basic] 2025년 데이터 없음
2026-03-24 12:33:55 [INFO] DefRunner: 
[fielding_basic] 결과: 성공 0, 실패 1
2026-03-24 12:33:55 [INFO] DefRunner: ==================================================
2026-03-24 12:33:55 [INFO] DefRunner: runner_basic — 주루 기본 기록
2026-03-24 12:33:55 [INFO] DefRunner: 전체: 1개 연도 (2025~2025)
2026-03-24 12:33:55 [INFO] DefRunner: 건너뜀: 0개 (이미 DB에 있음)
2026-03-24 12:33:55 [INFO] DefRunner: 크롤링: 1개
2026-03-24 12:33:55 [INFO] DefRunner: ==================================================
2026-03-24 12:33:55 [INFO] DefRunner: [runner_basic] 2025년 수집 시작
2026-03-24 12:33:56 [WARNING] DefRunner: [runner_basic] 2025년 데이터 없음
2026-03-24 12:33:57 [INFO] DefRunner: 
[runner_basic] 결과: 성공 0, 실패 1
2026-03-24 12:33:57 [INFO] SQLiteStorage: SQLite 연결 종료
2026-03-24 12:37:50 [INFO] SQLiteStorage: SQLite 연결 완료: kbo_data.db
2026-03-24 12:37:50 [INFO] DefRunner: ==================================================
2026-03-24 12:37:50 [INFO] DefRunner: fielding_basic — 수비 기본 기록
2026-03-24 12:37:50 [INFO] DefRunner: 전체: 45개 연도 (1982~2026)
2026-03-24 12:37:50 [INFO] DefRunner: 건너뜀: 25개 (이미 DB에 있음)
2026-03-24 12:37:50 [INFO] DefRunner: 크롤링: 20개
2026-03-24 12:37:50 [INFO] DefRunner:   건너뛴 연도: [2001, 2002, 2003, 2004, 2005, 2006, 2007, 2008, 2009, 2010, 2011, 2012, 2013, 2014, 2015, 2016, 2017, 2018, 2019, 2020, 2021, 2022, 2023, 2024, 2025]
2026-03-24 12:37:50 [INFO] DefRunner: ==================================================
2026-03-24 12:37:50 [INFO] DefRunner: [fielding_basic] 1982년 수집 시작
2026-03-24 12:37:50 [WARNING] DefRunner: [fielding_basic] 1982년 연도 POST pageRedirect
2026-03-24 12:37:51 [INFO] DefRunner: [fielding_basic] 1983년 수집 시작
2026-03-24 12:37:51 [WARNING] DefRunner: [fielding_basic] 1983년 연도 POST pageRedirect
2026-03-24 12:37:52 [INFO] DefRunner: [fielding_basic] 1984년 수집 시작
2026-03-24 12:37:53 [WARNING] DefRunner: [fielding_basic] 1984년 연도 POST pageRedirect
2026-03-24 12:37:53 [INFO] DefRunner: 사용자 중단
2026-03-24 12:37:53 [INFO] SQLiteStorage: SQLite 연결 종료
2026-03-24 12:38:02 [INFO] SQLiteStorage: SQLite 연결 완료: kbo_data.db
2026-03-24 12:38:02 [INFO] DefRunner: ==================================================
2026-03-24 12:38:02 [INFO] DefRunner: fielding_basic — 수비 기본 기록
2026-03-24 12:38:02 [INFO] DefRunner: 전체: 1개 연도 (2025~2025)
2026-03-24 12:38:02 [INFO] DefRunner: 건너뜀: 0개 (이미 DB에 있음)
2026-03-24 12:38:02 [INFO] DefRunner: 크롤링: 1개
2026-03-24 12:38:02 [INFO] DefRunner: ==================================================
2026-03-24 12:38:02 [INFO] DefRunner: [fielding_basic] 2025년 수집 시작
2026-03-24 12:38:02 [INFO] DefRunner: [fielding_basic] 2025년 1페이지: 30행
2026-03-24 12:38:02 [INFO] DefRunner:   [fielding_basic/2025] 2페이지...
2026-03-24 12:38:03 [INFO] DefRunner:   [fielding_basic/2025] 3페이지...
2026-03-24 12:38:04 [INFO] DefRunner:   [fielding_basic/2025] 4페이지...
2026-03-24 12:38:05 [INFO] DefRunner:   [fielding_basic/2025] 5페이지...
2026-03-24 12:38:05 [INFO] DefRunner: [fielding_basic] 2025년 전체: 150행
2026-03-24 12:38:05 [INFO] data_parser: [fielding_basic] 데이터 정제 시작 (150개 행)
2026-03-24 12:38:05 [INFO] data_parser: [fielding_basic] 데이터 정제 완료 — 150행 × 19열, 숫자 컬럼 14개
2026-03-24 12:38:05 [INFO] SQLiteStorage: SQLite 저장 완료: kbo_fielding_basic_2025 (150행)
2026-03-24 12:38:05 [INFO] DefRunner: [fielding_basic] 2025년 완료: 150행 → kbo_fielding_basic_2025
2026-03-24 12:38:06 [INFO] DefRunner: 
[fielding_basic] 결과: 성공 1, 실패 0
2026-03-24 12:38:06 [INFO] DefRunner: ==================================================
2026-03-24 12:38:06 [INFO] DefRunner: runner_basic — 주루 기본 기록
2026-03-24 12:38:06 [INFO] DefRunner: 전체: 1개 연도 (2025~2025)
2026-03-24 12:38:06 [INFO] DefRunner: 건너뜀: 0개 (이미 DB에 있음)
2026-03-24 12:38:06 [INFO] DefRunner: 크롤링: 1개
2026-03-24 12:38:06 [INFO] DefRunner: ==================================================
2026-03-24 12:38:06 [INFO] DefRunner: [runner_basic] 2025년 수집 시작
2026-03-24 12:38:06 [INFO] DefRunner: [runner_basic] 2025년 1페이지: 30행
2026-03-24 12:38:06 [INFO] DefRunner:   [runner_basic/2025] 2페이지...
2026-03-24 12:38:07 [INFO] DefRunner:   [runner_basic/2025] 3페이지...
2026-03-24 12:38:08 [INFO] DefRunner:   [runner_basic/2025] 4페이지...
2026-03-24 12:38:08 [INFO] DefRunner:   [runner_basic/2025] 5페이지...
2026-03-24 12:38:09 [INFO] DefRunner: [runner_basic] 2025년 전체: 150행
2026-03-24 12:38:09 [INFO] data_parser: [runner_basic] 데이터 정제 시작 (150개 행)
2026-03-24 12:38:09 [INFO] data_parser: [runner_basic] 데이터 정제 완료 — 150행 × 12열, 숫자 컬럼 9개
2026-03-24 12:38:09 [INFO] SQLiteStorage: SQLite 저장 완료: kbo_runner_basic_2025 (150행)
2026-03-24 12:38:09 [INFO] DefRunner: [runner_basic] 2025년 완료: 150행 → kbo_runner_basic_2025
2026-03-24 12:38:10 [INFO] DefRunner: 
[runner_basic] 결과: 성공 1, 실패 0
2026-03-24 12:38:10 [INFO] SQLiteStorage: SQLite 연결 종료
2026-03-24 12:44:04 [INFO] SQLiteStorage: SQLite 연결 완료: kbo_data.db
2026-03-24 12:44:04 [INFO] DefRunner: ==================================================
2026-03-24 12:44:04 [INFO] DefRunner: fielding_basic — 수비 기본 기록
2026-03-24 12:44:04 [INFO] DefRunner: 전체: 1개 연도 (2025~2025)
2026-03-24 12:44:04 [INFO] DefRunner: 건너뜀: 0개 (이미 DB에 있음)
2026-03-24 12:44:04 [INFO] DefRunner: 크롤링: 1개
2026-03-24 12:44:04 [INFO] DefRunner: ==================================================
2026-03-24 12:44:04 [INFO] DefRunner: [fielding_basic] 2025년 수집 시작
2026-03-24 12:44:05 [INFO] DefRunner: [fielding_basic] 2025년 1페이지: 30행
2026-03-24 12:44:05 [INFO] DefRunner:   [fielding_basic/2025] 2페이지...
2026-03-24 12:44:05 [INFO] DefRunner:   [fielding_basic/2025] 3페이지...
2026-03-24 12:44:06 [INFO] DefRunner:   [fielding_basic/2025] 4페이지...
2026-03-24 12:44:07 [INFO] DefRunner:   [fielding_basic/2025] 5페이지...
2026-03-24 12:44:08 [INFO] DefRunner:   [fielding_basic/2025] 다음 페이지 그룹으로 이동...
2026-03-24 12:44:09 [INFO] DefRunner:   [fielding_basic/2025] 6페이지: 30행
2026-03-24 12:44:09 [INFO] DefRunner:   [fielding_basic/2025] 다음 페이지 그룹으로 이동...
2026-03-24 12:44:10 [INFO] DefRunner:   [fielding_basic/2025] 7페이지: 30행
2026-03-24 12:44:10 [INFO] DefRunner:   [fielding_basic/2025] 다음 페이지 그룹으로 이동...
2026-03-24 12:44:11 [INFO] DefRunner:   [fielding_basic/2025] 8페이지: 30행
2026-03-24 12:44:11 [INFO] DefRunner:   [fielding_basic/2025] 다음 페이지 그룹으로 이동...
2026-03-24 12:44:11 [INFO] DefRunner:   [fielding_basic/2025] 9페이지: 30행
2026-03-24 12:44:11 [INFO] DefRunner:   [fielding_basic/2025] 다음 페이지 그룹으로 이동...
2026-03-24 12:44:12 [INFO] DefRunner:   [fielding_basic/2025] 10페이지: 30행
2026-03-24 12:44:12 [INFO] DefRunner:   [fielding_basic/2025] 다음 페이지 그룹으로 이동...
2026-03-24 12:44:13 [INFO] DefRunner:   [fielding_basic/2025] 11페이지: 25행
2026-03-24 12:44:13 [INFO] DefRunner: [fielding_basic] 2025년 전체: 325행
2026-03-24 12:44:14 [INFO] data_parser: [fielding_basic] 데이터 정제 시작 (325개 행)
2026-03-24 12:44:14 [INFO] data_parser: [fielding_basic] 데이터 정제 완료 — 325행 × 19열, 숫자 컬럼 14개
2026-03-24 12:44:14 [INFO] SQLiteStorage: SQLite 저장 완료: kbo_fielding_basic_2025 (325행)
2026-03-24 12:44:14 [INFO] DefRunner: [fielding_basic] 2025년 완료: 325행 → kbo_fielding_basic_2025
2026-03-24 12:44:15 [INFO] DefRunner: 
[fielding_basic] 결과: 성공 1, 실패 0
2026-03-24 12:44:15 [INFO] DefRunner: ==================================================
2026-03-24 12:44:15 [INFO] DefRunner: runner_basic — 주루 기본 기록
2026-03-24 12:44:15 [INFO] DefRunner: 전체: 1개 연도 (2025~2025)
2026-03-24 12:44:15 [INFO] DefRunner: 건너뜀: 0개 (이미 DB에 있음)
2026-03-24 12:44:15 [INFO] DefRunner: 크롤링: 1개
2026-03-24 12:44:15 [INFO] DefRunner: ==================================================
2026-03-24 12:44:15 [INFO] DefRunner: [runner_basic] 2025년 수집 시작
2026-03-24 12:44:15 [INFO] DefRunner: [runner_basic] 2025년 1페이지: 30행
2026-03-24 12:44:15 [INFO] DefRunner:   [runner_basic/2025] 2페이지...
2026-03-24 12:44:16 [INFO] DefRunner:   [runner_basic/2025] 3페이지...
2026-03-24 12:44:16 [INFO] DefRunner:   [runner_basic/2025] 4페이지...
2026-03-24 12:44:17 [INFO] DefRunner:   [runner_basic/2025] 5페이지...
2026-03-24 12:44:18 [INFO] DefRunner:   [runner_basic/2025] 다음 페이지 그룹으로 이동...
2026-03-24 12:44:18 [INFO] DefRunner:   [runner_basic/2025] 6페이지: 30행
2026-03-24 12:44:18 [INFO] DefRunner:   [runner_basic/2025] 다음 페이지 그룹으로 이동...
2026-03-24 12:44:19 [INFO] DefRunner:   [runner_basic/2025] 7페이지: 30행
2026-03-24 12:44:19 [INFO] DefRunner: [runner_basic] 2025년 전체: 210행
2026-03-24 12:44:19 [INFO] data_parser: [runner_basic] 데이터 정제 시작 (210개 행)
2026-03-24 12:44:19 [INFO] data_parser: [runner_basic] 데이터 정제 완료 — 210행 × 12열, 숫자 컬럼 9개
2026-03-24 12:44:19 [INFO] SQLiteStorage: SQLite 저장 완료: kbo_runner_basic_2025 (210행)
2026-03-24 12:44:19 [INFO] DefRunner: [runner_basic] 2025년 완료: 210행 → kbo_runner_basic_2025
2026-03-24 12:44:20 [INFO] DefRunner: 
[runner_basic] 결과: 성공 1, 실패 0
2026-03-24 12:44:20 [INFO] SQLiteStorage: SQLite 연결 종료
2026-03-24 12:47:02 [INFO] SQLiteStorage: SQLite 연결 완료: kbo_data.db
2026-03-24 12:47:02 [INFO] DefRunner: ==================================================
2026-03-24 12:47:02 [INFO] DefRunner: fielding_basic — 수비 기본 기록
2026-03-24 12:47:02 [INFO] DefRunner: 전체: 1개 연도 (2025~2025)
2026-03-24 12:47:02 [INFO] DefRunner: 건너뜀: 0개 (이미 DB에 있음)
2026-03-24 12:47:02 [INFO] DefRunner: 크롤링: 1개
2026-03-24 12:47:02 [INFO] DefRunner: ==================================================
2026-03-24 12:47:02 [INFO] DefRunner: [fielding_basic] 2025년 수집 시작
2026-03-24 12:47:02 [INFO] DefRunner: [fielding_basic] 2025년 1페이지: 30행
2026-03-24 12:47:02 [INFO] DefRunner:   [fielding_basic/2025] 2페이지...
2026-03-24 12:47:03 [INFO] DefRunner:   [fielding_basic/2025] 3페이지...
2026-03-24 12:47:04 [INFO] DefRunner:   [fielding_basic/2025] 4페이지...
2026-03-24 12:47:05 [INFO] DefRunner:   [fielding_basic/2025] 5페이지...
2026-03-24 12:47:06 [INFO] DefRunner:   [fielding_basic/2025] 다음 페이지 그룹으로 이동...
2026-03-24 12:47:06 [INFO] DefRunner:   [fielding_basic/2025] 6페이지: 30행
2026-03-24 12:47:06 [INFO] DefRunner:   [fielding_basic/2025] 다음 페이지 그룹으로 이동...
2026-03-24 12:47:07 [INFO] DefRunner:   [fielding_basic/2025] 7페이지: 30행
2026-03-24 12:47:07 [INFO] DefRunner:   [fielding_basic/2025] 다음 페이지 그룹으로 이동...
2026-03-24 12:47:08 [INFO] DefRunner:   [fielding_basic/2025] 8페이지: 30행
2026-03-24 12:47:08 [INFO] DefRunner:   [fielding_basic/2025] 다음 페이지 그룹으로 이동...
2026-03-24 12:47:09 [INFO] DefRunner:   [fielding_basic/2025] 9페이지: 30행
2026-03-24 12:47:09 [INFO] DefRunner:   [fielding_basic/2025] 다음 페이지 그룹으로 이동...
2026-03-24 12:47:09 [INFO] DefRunner:   [fielding_basic/2025] 10페이지: 30행
2026-03-24 12:47:09 [INFO] DefRunner:   [fielding_basic/2025] 다음 페이지 그룹으로 이동...
2026-03-24 12:47:10 [INFO] DefRunner:   [fielding_basic/2025] 11페이지: 25행
2026-03-24 12:47:10 [INFO] DefRunner: [fielding_basic] 2025년 전체: 325행
2026-03-24 12:47:11 [INFO] data_parser: [fielding_basic] 데이터 정제 시작 (325개 행)
2026-03-24 12:47:11 [INFO] data_parser: [fielding_basic] 데이터 정제 완료 — 325행 × 19열, 숫자 컬럼 14개
2026-03-24 12:47:11 [INFO] SQLiteStorage: SQLite 저장 완료: kbo_fielding_basic_2025 (325행)
2026-03-24 12:47:11 [INFO] DefRunner: [fielding_basic] 2025년 완료: 325행 → kbo_fielding_basic_2025
2026-03-24 12:47:12 [INFO] DefRunner: 
[fielding_basic] 결과: 성공 1, 실패 0
2026-03-24 12:47:12 [INFO] DefRunner: ==================================================
2026-03-24 12:47:12 [INFO] DefRunner: runner_basic — 주루 기본 기록
2026-03-24 12:47:12 [INFO] DefRunner: 전체: 1개 연도 (2025~2025)
2026-03-24 12:47:12 [INFO] DefRunner: 건너뜀: 0개 (이미 DB에 있음)
2026-03-24 12:47:12 [INFO] DefRunner: 크롤링: 1개
2026-03-24 12:47:12 [INFO] DefRunner: ==================================================
2026-03-24 12:47:12 [INFO] DefRunner: [runner_basic] 2025년 수집 시작
2026-03-24 12:47:12 [INFO] DefRunner: [runner_basic] 2025년 1페이지: 30행
2026-03-24 12:47:12 [INFO] DefRunner:   [runner_basic/2025] 2페이지...
2026-03-24 12:47:13 [INFO] DefRunner:   [runner_basic/2025] 3페이지...
2026-03-24 12:47:13 [INFO] DefRunner:   [runner_basic/2025] 4페이지...
2026-03-24 12:47:14 [INFO] DefRunner:   [runner_basic/2025] 5페이지...
2026-03-24 12:47:14 [INFO] DefRunner:   [runner_basic/2025] 다음 페이지 그룹으로 이동...
2026-03-24 12:47:15 [INFO] DefRunner:   [runner_basic/2025] 6페이지: 30행
2026-03-24 12:47:15 [INFO] DefRunner:   [runner_basic/2025] 다음 페이지 그룹으로 이동...
2026-03-24 12:47:15 [INFO] DefRunner: 사용자 중단
2026-03-24 12:47:15 [INFO] SQLiteStorage: SQLite 연결 종료
2026-03-24 12:49:52 [INFO] SQLiteStorage: SQLite 연결 완료: kbo_data.db
2026-03-24 12:49:52 [INFO] DefRunner: ==================================================
2026-03-24 12:49:52 [INFO] DefRunner: fielding_basic — 수비 기본 기록
2026-03-24 12:49:52 [INFO] DefRunner: 전체: 1개 연도 (2025~2025)
2026-03-24 12:49:52 [INFO] DefRunner: 건너뜀: 0개 (이미 DB에 있음)
2026-03-24 12:49:52 [INFO] DefRunner: 크롤링: 1개
2026-03-24 12:49:52 [INFO] DefRunner: ==================================================
2026-03-24 12:49:52 [INFO] DefRunner: [fielding_basic] 2025년 수집 시작
2026-03-24 12:49:52 [INFO] DefRunner: [fielding_basic] 2025년 1페이지: 30행
2026-03-24 12:49:52 [INFO] DefRunner:   [fielding_basic/2025] 2페이지...
2026-03-24 12:49:53 [INFO] DefRunner:   [fielding_basic/2025] 3페이지...
2026-03-24 12:49:54 [INFO] DefRunner:   [fielding_basic/2025] 4페이지...
2026-03-24 12:49:55 [INFO] DefRunner:   [fielding_basic/2025] 5페이지...
2026-03-24 12:49:55 [INFO] DefRunner:   [fielding_basic/2025] 다음 페이지 그룹으로 이동...
2026-03-24 12:49:56 [INFO] DefRunner:   [fielding_basic/2025] 6페이지: 30행
2026-03-24 12:49:56 [INFO] DefRunner:   [fielding_basic/2025] 7페이지...
2026-03-24 12:49:57 [INFO] DefRunner:   [fielding_basic/2025] 8페이지...
2026-03-24 12:49:58 [INFO] DefRunner:   [fielding_basic/2025] 9페이지...
2026-03-24 12:49:58 [INFO] DefRunner:   [fielding_basic/2025] 10페이지...
2026-03-24 12:49:59 [INFO] DefRunner:   [fielding_basic/2025] 다음 페이지 그룹으로 이동...
2026-03-24 12:50:00 [INFO] DefRunner:   [fielding_basic/2025] 11페이지: 30행
2026-03-24 12:50:00 [INFO] DefRunner:   [fielding_basic/2025] 12페이지...
2026-03-24 12:50:01 [INFO] DefRunner:   [fielding_basic/2025] 13페이지...
2026-03-24 12:50:02 [INFO] DefRunner:   [fielding_basic/2025] 14페이지...
2026-03-24 12:50:02 [INFO] DefRunner:   [fielding_basic/2025] 15페이지...
2026-03-24 12:50:03 [INFO] DefRunner:   [fielding_basic/2025] 다음 페이지 그룹으로 이동...
2026-03-24 12:50:04 [INFO] DefRunner:   [fielding_basic/2025] 16페이지: 30행
2026-03-24 12:50:04 [INFO] DefRunner:   [fielding_basic/2025] 17페이지...
2026-03-24 12:50:05 [INFO] DefRunner:   [fielding_basic/2025] 18페이지...
2026-03-24 12:50:06 [INFO] DefRunner:   [fielding_basic/2025] 19페이지...
2026-03-24 12:50:07 [INFO] DefRunner:   [fielding_basic/2025] 20페이지...
2026-03-24 12:50:07 [INFO] DefRunner:   [fielding_basic/2025] 다음 페이지 그룹으로 이동...
2026-03-24 12:50:08 [INFO] DefRunner:   [fielding_basic/2025] 21페이지: 30행
2026-03-24 12:50:08 [INFO] DefRunner:   [fielding_basic/2025] 22페이지...
2026-03-24 12:50:09 [INFO] DefRunner:   [fielding_basic/2025] 23페이지...
2026-03-24 12:50:10 [INFO] DefRunner:   [fielding_basic/2025] 24페이지...
2026-03-24 12:50:10 [INFO] DefRunner:   [fielding_basic/2025] 25페이지...
2026-03-24 12:50:11 [INFO] DefRunner:   [fielding_basic/2025] 다음 페이지 그룹으로 이동...
2026-03-24 12:50:12 [INFO] DefRunner:   [fielding_basic/2025] 26페이지: 30행
2026-03-24 12:50:12 [INFO] DefRunner:   [fielding_basic/2025] 27페이지...
2026-03-24 12:50:13 [INFO] DefRunner:   [fielding_basic/2025] 28페이지...
2026-03-24 12:50:13 [INFO] DefRunner:   [fielding_basic/2025] 29페이지...
2026-03-24 12:50:14 [INFO] DefRunner:   [fielding_basic/2025] 30페이지...
2026-03-24 12:50:15 [INFO] DefRunner:   [fielding_basic/2025] 다음 페이지 그룹으로 이동...
2026-03-24 12:50:16 [INFO] DefRunner:   [fielding_basic/2025] 31페이지: 25행
2026-03-24 12:50:16 [INFO] DefRunner: [fielding_basic] 2025년 전체: 925행
2026-03-24 12:50:16 [INFO] data_parser: [fielding_basic] 데이터 정제 시작 (925개 행)
2026-03-24 12:50:16 [INFO] data_parser: [fielding_basic] 데이터 정제 완료 — 925행 × 19열, 숫자 컬럼 14개
2026-03-24 12:50:17 [INFO] SQLiteStorage: SQLite 저장 완료: kbo_fielding_basic_2025 (925행)
2026-03-24 12:50:17 [INFO] DefRunner: [fielding_basic] 2025년 완료: 925행 → kbo_fielding_basic_2025
2026-03-24 12:50:18 [INFO] DefRunner: 
[fielding_basic] 결과: 성공 1, 실패 0
2026-03-24 12:50:18 [INFO] DefRunner: ==================================================
2026-03-24 12:50:18 [INFO] DefRunner: runner_basic — 주루 기본 기록
2026-03-24 12:50:18 [INFO] DefRunner: 전체: 1개 연도 (2025~2025)
2026-03-24 12:50:18 [INFO] DefRunner: 건너뜀: 0개 (이미 DB에 있음)
2026-03-24 12:50:18 [INFO] DefRunner: 크롤링: 1개
2026-03-24 12:50:18 [INFO] DefRunner: ==================================================
2026-03-24 12:50:18 [INFO] DefRunner: [runner_basic] 2025년 수집 시작
2026-03-24 12:50:18 [INFO] DefRunner: [runner_basic] 2025년 1페이지: 30행
2026-03-24 12:50:18 [INFO] DefRunner:   [runner_basic/2025] 2페이지...
2026-03-24 12:50:18 [INFO] DefRunner:   [runner_basic/2025] 3페이지...
2026-03-24 12:50:19 [INFO] DefRunner:   [runner_basic/2025] 4페이지...
2026-03-24 12:50:20 [INFO] DefRunner:   [runner_basic/2025] 5페이지...
2026-03-24 12:50:20 [INFO] DefRunner:   [runner_basic/2025] 다음 페이지 그룹으로 이동...
2026-03-24 12:50:21 [INFO] DefRunner:   [runner_basic/2025] 6페이지: 30행
2026-03-24 12:50:21 [INFO] DefRunner:   [runner_basic/2025] 7페이지...
2026-03-24 12:50:21 [INFO] DefRunner:   [runner_basic/2025] 8페이지...
2026-03-24 12:50:22 [INFO] DefRunner:   [runner_basic/2025] 9페이지...
2026-03-24 12:50:22 [INFO] DefRunner:   [runner_basic/2025] 10페이지...
2026-03-24 12:50:23 [INFO] DefRunner:   [runner_basic/2025] 다음 페이지 그룹으로 이동...
2026-03-24 12:50:24 [INFO] DefRunner:   [runner_basic/2025] 11페이지: 30행
2026-03-24 12:50:24 [INFO] DefRunner:   [runner_basic/2025] 12페이지...
2026-03-24 12:50:24 [INFO] DefRunner:   [runner_basic/2025] 13페이지...
2026-03-24 12:50:25 [INFO] DefRunner:   [runner_basic/2025] 14페이지...
2026-03-24 12:50:25 [INFO] DefRunner: [runner_basic] 2025년 전체: 398행
2026-03-24 12:50:26 [INFO] data_parser: [runner_basic] 데이터 정제 시작 (398개 행)
2026-03-24 12:50:26 [INFO] data_parser: [runner_basic] 데이터 정제 완료 — 398행 × 12열, 숫자 컬럼 9개
2026-03-24 12:50:26 [INFO] SQLiteStorage: SQLite 저장 완료: kbo_runner_basic_2025 (398행)
2026-03-24 12:50:26 [INFO] DefRunner: [runner_basic] 2025년 완료: 398행 → kbo_runner_basic_2025
2026-03-24 12:50:27 [INFO] DefRunner: 
[runner_basic] 결과: 성공 1, 실패 0
2026-03-24 12:50:27 [INFO] SQLiteStorage: SQLite 연결 종료
2026-03-24 12:53:04 [INFO] SQLiteStorage: SQLite 연결 완료: kbo_data.db
2026-03-24 12:53:04 [INFO] DefRunner: ==================================================
2026-03-24 12:53:04 [INFO] DefRunner: fielding_basic — 수비 기본 기록
2026-03-24 12:53:04 [INFO] DefRunner: 전체: 4개 연도 (2021~2024)
2026-03-24 12:53:04 [INFO] DefRunner: 건너뜀: 0개 (이미 DB에 있음)
2026-03-24 12:53:04 [INFO] DefRunner: 크롤링: 4개
2026-03-24 12:53:04 [INFO] DefRunner: ==================================================
2026-03-24 12:53:04 [INFO] DefRunner: [fielding_basic] 2021년 수집 시작
2026-03-24 12:53:04 [INFO] DefRunner: [fielding_basic] 2021년 1페이지: 30행
2026-03-24 12:53:04 [INFO] DefRunner:   [fielding_basic/2021] 2페이지...
2026-03-24 12:53:05 [INFO] DefRunner:   [fielding_basic/2021] 3페이지...
2026-03-24 12:53:06 [INFO] DefRunner:   [fielding_basic/2021] 4페이지...
2026-03-24 12:53:07 [INFO] DefRunner:   [fielding_basic/2021] 5페이지...
2026-03-24 12:53:07 [INFO] DefRunner:   [fielding_basic/2021] 다음 페이지 그룹으로 이동...
2026-03-24 12:53:08 [INFO] DefRunner:   [fielding_basic/2021] 6페이지: 30행
2026-03-24 12:53:08 [INFO] DefRunner:   [fielding_basic/2021] 7페이지...
2026-03-24 12:53:09 [INFO] DefRunner: 사용자 중단
2026-03-24 12:53:09 [INFO] SQLiteStorage: SQLite 연결 종료
2026-03-24 12:53:17 [INFO] SQLiteStorage: SQLite 연결 완료: kbo_data.db
2026-03-24 12:53:17 [INFO] DefRunner: ==================================================
2026-03-24 12:53:17 [INFO] DefRunner: fielding_basic — 수비 기본 기록
2026-03-24 12:53:17 [INFO] DefRunner: 전체: 24개 연도 (2001~2024)
2026-03-24 12:53:17 [INFO] DefRunner: 건너뜀: 0개 (이미 DB에 있음)
2026-03-24 12:53:17 [INFO] DefRunner: 크롤링: 24개
2026-03-24 12:53:17 [INFO] DefRunner: ==================================================
2026-03-24 12:53:17 [INFO] DefRunner: [fielding_basic] 2001년 수집 시작
2026-03-24 12:53:17 [INFO] DefRunner: [fielding_basic] 2001년 1페이지: 30행
2026-03-24 12:53:17 [INFO] DefRunner:   [fielding_basic/2001] 2페이지...
2026-03-24 12:53:18 [INFO] DefRunner:   [fielding_basic/2001] 3페이지...
2026-03-24 12:53:19 [INFO] DefRunner:   [fielding_basic/2001] 4페이지...
2026-03-24 12:53:19 [INFO] DefRunner:   [fielding_basic/2001] 5페이지...
2026-03-24 12:53:20 [INFO] DefRunner:   [fielding_basic/2001] 다음 페이지 그룹으로 이동...
2026-03-24 12:53:21 [INFO] DefRunner:   [fielding_basic/2001] 6페이지: 30행
2026-03-24 12:53:21 [INFO] DefRunner:   [fielding_basic/2001] 7페이지...
2026-03-24 12:53:21 [INFO] DefRunner:   [fielding_basic/2001] 8페이지...
2026-03-24 12:53:22 [INFO] DefRunner:   [fielding_basic/2001] 9페이지...
2026-03-24 12:53:23 [INFO] DefRunner:   [fielding_basic/2001] 10페이지...
2026-03-24 12:53:24 [INFO] DefRunner:   [fielding_basic/2001] 다음 페이지 그룹으로 이동...
2026-03-24 12:53:24 [INFO] DefRunner:   [fielding_basic/2001] 11페이지: 30행
2026-03-24 12:53:24 [INFO] DefRunner:   [fielding_basic/2001] 12페이지...
2026-03-24 12:53:25 [INFO] DefRunner:   [fielding_basic/2001] 13페이지...
2026-03-24 12:53:26 [INFO] DefRunner:   [fielding_basic/2001] 14페이지...
2026-03-24 12:53:27 [INFO] DefRunner:   [fielding_basic/2001] 15페이지...
2026-03-24 12:53:27 [INFO] DefRunner:   [fielding_basic/2001] 다음 페이지 그룹으로 이동...
2026-03-24 12:53:28 [INFO] DefRunner:   [fielding_basic/2001] 16페이지: 30행
2026-03-24 12:53:28 [INFO] DefRunner:   [fielding_basic/2001] 17페이지...
2026-03-24 12:53:29 [INFO] DefRunner:   [fielding_basic/2001] 18페이지...
2026-03-24 12:53:30 [INFO] DefRunner:   [fielding_basic/2001] 19페이지...
2026-03-24 12:53:30 [INFO] DefRunner:   [fielding_basic/2001] 20페이지...
2026-03-24 12:53:31 [INFO] DefRunner: [fielding_basic] 2001년 전체: 586행
2026-03-24 12:53:32 [INFO] data_parser: [fielding_basic] 데이터 정제 시작 (586개 행)
2026-03-24 12:53:32 [INFO] data_parser: [fielding_basic] 데이터 정제 완료 — 586행 × 19열, 숫자 컬럼 14개
2026-03-24 12:53:32 [INFO] SQLiteStorage: SQLite 저장 완료: kbo_fielding_basic_2001 (586행)
2026-03-24 12:53:32 [INFO] DefRunner: [fielding_basic] 2001년 완료: 586행 → kbo_fielding_basic_2001
2026-03-24 12:53:33 [INFO] DefRunner: [fielding_basic] 2002년 수집 시작
2026-03-24 12:53:33 [INFO] DefRunner: [fielding_basic] 2002년 1페이지: 30행
2026-03-24 12:53:33 [INFO] DefRunner:   [fielding_basic/2002] 2페이지...
2026-03-24 12:53:34 [INFO] DefRunner:   [fielding_basic/2002] 3페이지...
2026-03-24 12:53:35 [INFO] DefRunner:   [fielding_basic/2002] 4페이지...
2026-03-24 12:53:36 [INFO] DefRunner:   [fielding_basic/2002] 5페이지...
2026-03-24 12:53:36 [INFO] DefRunner:   [fielding_basic/2002] 다음 페이지 그룹으로 이동...
2026-03-24 12:53:37 [INFO] DefRunner:   [fielding_basic/2002] 6페이지: 30행
2026-03-24 12:53:37 [INFO] DefRunner:   [fielding_basic/2002] 7페이지...
2026-03-24 12:53:38 [INFO] DefRunner:   [fielding_basic/2002] 8페이지...
2026-03-24 12:53:39 [INFO] DefRunner:   [fielding_basic/2002] 9페이지...
2026-03-24 12:53:39 [INFO] DefRunner:   [fielding_basic/2002] 10페이지...
2026-03-24 12:53:40 [INFO] DefRunner:   [fielding_basic/2002] 다음 페이지 그룹으로 이동...
2026-03-24 12:53:41 [INFO] DefRunner:   [fielding_basic/2002] 11페이지: 30행
2026-03-24 12:53:41 [INFO] DefRunner:   [fielding_basic/2002] 12페이지...
2026-03-24 12:53:42 [INFO] DefRunner:   [fielding_basic/2002] 13페이지...
2026-03-24 12:53:42 [INFO] DefRunner:   [fielding_basic/2002] 14페이지...
2026-03-24 12:53:43 [INFO] DefRunner:   [fielding_basic/2002] 15페이지...
2026-03-24 12:53:44 [INFO] DefRunner:   [fielding_basic/2002] 다음 페이지 그룹으로 이동...
2026-03-24 12:53:45 [INFO] DefRunner:   [fielding_basic/2002] 16페이지: 30행
2026-03-24 12:53:45 [INFO] DefRunner:   [fielding_basic/2002] 17페이지...
2026-03-24 12:53:45 [INFO] DefRunner:   [fielding_basic/2002] 18페이지...
2026-03-24 12:53:46 [INFO] DefRunner:   [fielding_basic/2002] 19페이지...
2026-03-24 12:53:47 [INFO] DefRunner:   [fielding_basic/2002] 20페이지...
2026-03-24 12:53:47 [INFO] DefRunner: [fielding_basic] 2002년 전체: 571행
2026-03-24 12:53:48 [INFO] data_parser: [fielding_basic] 데이터 정제 시작 (571개 행)
2026-03-24 12:53:48 [INFO] data_parser: [fielding_basic] 데이터 정제 완료 — 571행 × 19열, 숫자 컬럼 14개
2026-03-24 12:53:48 [INFO] SQLiteStorage: SQLite 저장 완료: kbo_fielding_basic_2002 (571행)
2026-03-24 12:53:48 [INFO] DefRunner: [fielding_basic] 2002년 완료: 571행 → kbo_fielding_basic_2002
2026-03-24 12:53:49 [INFO] DefRunner: [fielding_basic] 2003년 수집 시작
2026-03-24 12:53:49 [INFO] DefRunner: [fielding_basic] 2003년 1페이지: 30행
2026-03-24 12:53:49 [INFO] DefRunner:   [fielding_basic/2003] 2페이지...
2026-03-24 12:53:50 [INFO] DefRunner:   [fielding_basic/2003] 3페이지...
2026-03-24 12:53:51 [INFO] DefRunner:   [fielding_basic/2003] 4페이지...
2026-03-24 12:53:52 [INFO] DefRunner:   [fielding_basic/2003] 5페이지...
2026-03-24 12:53:52 [INFO] DefRunner:   [fielding_basic/2003] 다음 페이지 그룹으로 이동...
2026-03-24 12:53:53 [INFO] DefRunner:   [fielding_basic/2003] 6페이지: 30행
2026-03-24 12:53:53 [INFO] DefRunner:   [fielding_basic/2003] 7페이지...
2026-03-24 12:53:54 [INFO] DefRunner:   [fielding_basic/2003] 8페이지...
2026-03-24 12:53:54 [INFO] DefRunner:   [fielding_basic/2003] 9페이지...
2026-03-24 12:53:55 [INFO] DefRunner:   [fielding_basic/2003] 10페이지...
2026-03-24 12:53:56 [INFO] DefRunner:   [fielding_basic/2003] 다음 페이지 그룹으로 이동...
2026-03-24 12:53:57 [INFO] DefRunner:   [fielding_basic/2003] 11페이지: 30행
2026-03-24 12:53:57 [INFO] DefRunner:   [fielding_basic/2003] 12페이지...
2026-03-24 12:53:57 [INFO] DefRunner:   [fielding_basic/2003] 13페이지...
2026-03-24 12:53:58 [INFO] DefRunner:   [fielding_basic/2003] 14페이지...
2026-03-24 12:53:59 [INFO] DefRunner:   [fielding_basic/2003] 15페이지...
2026-03-24 12:53:59 [INFO] DefRunner:   [fielding_basic/2003] 다음 페이지 그룹으로 이동...
2026-03-24 12:54:00 [INFO] DefRunner:   [fielding_basic/2003] 16페이지: 30행
2026-03-24 12:54:00 [INFO] DefRunner:   [fielding_basic/2003] 17페이지...
2026-03-24 12:54:01 [INFO] DefRunner:   [fielding_basic/2003] 18페이지...
2026-03-24 12:54:02 [INFO] DefRunner:   [fielding_basic/2003] 19페이지...
2026-03-24 12:54:02 [INFO] DefRunner:   [fielding_basic/2003] 20페이지...
2026-03-24 12:54:03 [INFO] DefRunner: [fielding_basic] 2003년 전체: 573행
2026-03-24 12:54:04 [INFO] data_parser: [fielding_basic] 데이터 정제 시작 (573개 행)
2026-03-24 12:54:04 [INFO] data_parser: [fielding_basic] 데이터 정제 완료 — 573행 × 19열, 숫자 컬럼 14개
2026-03-24 12:54:04 [INFO] SQLiteStorage: SQLite 저장 완료: kbo_fielding_basic_2003 (573행)
2026-03-24 12:54:04 [INFO] DefRunner: [fielding_basic] 2003년 완료: 573행 → kbo_fielding_basic_2003
2026-03-24 12:54:05 [INFO] DefRunner: [fielding_basic] 2004년 수집 시작
2026-03-24 12:54:05 [INFO] DefRunner: [fielding_basic] 2004년 1페이지: 30행
2026-03-24 12:54:05 [INFO] DefRunner:   [fielding_basic/2004] 2페이지...
2026-03-24 12:54:06 [INFO] DefRunner:   [fielding_basic/2004] 3페이지...
2026-03-24 12:54:06 [INFO] DefRunner:   [fielding_basic/2004] 4페이지...
2026-03-24 12:54:07 [INFO] DefRunner:   [fielding_basic/2004] 5페이지...
2026-03-24 12:54:08 [INFO] DefRunner:   [fielding_basic/2004] 다음 페이지 그룹으로 이동...
2026-03-24 12:54:09 [INFO] DefRunner:   [fielding_basic/2004] 6페이지: 30행
2026-03-24 12:54:09 [INFO] DefRunner:   [fielding_basic/2004] 7페이지...
2026-03-24 12:54:09 [INFO] DefRunner:   [fielding_basic/2004] 8페이지...
2026-03-24 12:54:11 [INFO] DefRunner:   [fielding_basic/2004] 9페이지...
2026-03-24 12:54:12 [INFO] DefRunner:   [fielding_basic/2004] 10페이지...
2026-03-24 12:54:12 [INFO] DefRunner:   [fielding_basic/2004] 다음 페이지 그룹으로 이동...
2026-03-24 12:54:13 [INFO] DefRunner:   [fielding_basic/2004] 11페이지: 30행
2026-03-24 12:54:13 [INFO] DefRunner:   [fielding_basic/2004] 12페이지...
2026-03-24 12:54:14 [INFO] DefRunner:   [fielding_basic/2004] 13페이지...
2026-03-24 12:54:14 [INFO] DefRunner:   [fielding_basic/2004] 14페이지...
2026-03-24 12:54:15 [INFO] DefRunner:   [fielding_basic/2004] 15페이지...
2026-03-24 12:54:16 [INFO] DefRunner:   [fielding_basic/2004] 다음 페이지 그룹으로 이동...
2026-03-24 12:54:17 [INFO] DefRunner:   [fielding_basic/2004] 16페이지: 30행
2026-03-24 12:54:17 [INFO] DefRunner:   [fielding_basic/2004] 17페이지...
2026-03-24 12:54:17 [INFO] DefRunner:   [fielding_basic/2004] 18페이지...
2026-03-24 12:54:18 [INFO] DefRunner:   [fielding_basic/2004] 19페이지...
2026-03-24 12:54:19 [INFO] DefRunner:   [fielding_basic/2004] 20페이지...
2026-03-24 12:54:20 [INFO] DefRunner:   [fielding_basic/2004] 다음 페이지 그룹으로 이동...
2026-03-24 12:54:20 [INFO] DefRunner:   [fielding_basic/2004] 21페이지: 24행
2026-03-24 12:54:20 [INFO] DefRunner: [fielding_basic] 2004년 전체: 624행
2026-03-24 12:54:21 [INFO] data_parser: [fielding_basic] 데이터 정제 시작 (624개 행)
2026-03-24 12:54:21 [INFO] data_parser: [fielding_basic] 데이터 정제 완료 — 624행 × 19열, 숫자 컬럼 14개
2026-03-24 12:54:21 [INFO] SQLiteStorage: SQLite 저장 완료: kbo_fielding_basic_2004 (624행)
2026-03-24 12:54:21 [INFO] DefRunner: [fielding_basic] 2004년 완료: 624행 → kbo_fielding_basic_2004
2026-03-24 12:54:22 [INFO] DefRunner: [fielding_basic] 2005년 수집 시작
2026-03-24 12:54:22 [INFO] DefRunner: [fielding_basic] 2005년 1페이지: 30행
2026-03-24 12:54:22 [INFO] DefRunner:   [fielding_basic/2005] 2페이지...
2026-03-24 12:54:23 [INFO] DefRunner:   [fielding_basic/2005] 3페이지...
2026-03-24 12:54:24 [INFO] DefRunner:   [fielding_basic/2005] 4페이지...
2026-03-24 12:54:24 [INFO] DefRunner:   [fielding_basic/2005] 5페이지...
2026-03-24 12:54:25 [INFO] DefRunner:   [fielding_basic/2005] 다음 페이지 그룹으로 이동...
2026-03-24 12:54:26 [INFO] DefRunner:   [fielding_basic/2005] 6페이지: 30행
2026-03-24 12:54:26 [INFO] DefRunner:   [fielding_basic/2005] 7페이지...
2026-03-24 12:54:27 [INFO] DefRunner:   [fielding_basic/2005] 8페이지...
2026-03-24 12:54:27 [INFO] DefRunner:   [fielding_basic/2005] 9페이지...
2026-03-24 12:54:28 [INFO] DefRunner:   [fielding_basic/2005] 10페이지...
2026-03-24 12:54:29 [INFO] DefRunner:   [fielding_basic/2005] 다음 페이지 그룹으로 이동...
2026-03-24 12:54:30 [INFO] DefRunner:   [fielding_basic/2005] 11페이지: 30행
2026-03-24 12:54:30 [INFO] DefRunner:   [fielding_basic/2005] 12페이지...
2026-03-24 12:54:30 [INFO] DefRunner:   [fielding_basic/2005] 13페이지...
2026-03-24 12:54:31 [INFO] DefRunner:   [fielding_basic/2005] 14페이지...
2026-03-24 12:54:32 [INFO] DefRunner:   [fielding_basic/2005] 15페이지...
2026-03-24 12:54:32 [INFO] DefRunner:   [fielding_basic/2005] 다음 페이지 그룹으로 이동...
2026-03-24 12:54:33 [INFO] DefRunner:   [fielding_basic/2005] 16페이지: 30행
2026-03-24 12:54:33 [INFO] DefRunner:   [fielding_basic/2005] 17페이지...
2026-03-24 12:54:34 [INFO] DefRunner:   [fielding_basic/2005] 18페이지...
2026-03-24 12:54:35 [INFO] DefRunner:   [fielding_basic/2005] 19페이지...
2026-03-24 12:54:35 [INFO] DefRunner: [fielding_basic] 2005년 전체: 545행
2026-03-24 12:54:36 [INFO] data_parser: [fielding_basic] 데이터 정제 시작 (545개 행)
2026-03-24 12:54:36 [INFO] data_parser: [fielding_basic] 데이터 정제 완료 — 545행 × 19열, 숫자 컬럼 14개
2026-03-24 12:54:36 [INFO] SQLiteStorage: SQLite 저장 완료: kbo_fielding_basic_2005 (545행)
2026-03-24 12:54:36 [INFO] DefRunner: [fielding_basic] 2005년 완료: 545행 → kbo_fielding_basic_2005
2026-03-24 12:54:37 [INFO] DefRunner: [fielding_basic] 2006년 수집 시작
2026-03-24 12:54:37 [INFO] DefRunner: [fielding_basic] 2006년 1페이지: 30행
2026-03-24 12:54:37 [INFO] DefRunner:   [fielding_basic/2006] 2페이지...
2026-03-24 12:54:38 [INFO] DefRunner:   [fielding_basic/2006] 3페이지...
2026-03-24 12:54:39 [INFO] DefRunner:   [fielding_basic/2006] 4페이지...
2026-03-24 12:54:40 [INFO] DefRunner:   [fielding_basic/2006] 5페이지...
2026-03-24 12:54:40 [INFO] DefRunner:   [fielding_basic/2006] 다음 페이지 그룹으로 이동...
2026-03-24 12:54:41 [INFO] DefRunner:   [fielding_basic/2006] 6페이지: 30행
2026-03-24 12:54:41 [INFO] DefRunner:   [fielding_basic/2006] 7페이지...
2026-03-24 12:54:42 [INFO] DefRunner:   [fielding_basic/2006] 8페이지...
2026-03-24 12:54:43 [INFO] DefRunner:   [fielding_basic/2006] 9페이지...
2026-03-24 12:54:43 [INFO] DefRunner:   [fielding_basic/2006] 10페이지...
2026-03-24 12:54:44 [INFO] DefRunner:   [fielding_basic/2006] 다음 페이지 그룹으로 이동...
2026-03-24 12:54:45 [INFO] DefRunner:   [fielding_basic/2006] 11페이지: 30행
2026-03-24 12:54:45 [INFO] DefRunner:   [fielding_basic/2006] 12페이지...
2026-03-24 12:54:46 [INFO] DefRunner:   [fielding_basic/2006] 13페이지...
2026-03-24 12:54:46 [INFO] DefRunner:   [fielding_basic/2006] 14페이지...
2026-03-24 12:54:47 [INFO] DefRunner:   [fielding_basic/2006] 15페이지...
2026-03-24 12:54:48 [INFO] DefRunner:   [fielding_basic/2006] 다음 페이지 그룹으로 이동...
2026-03-24 12:54:49 [INFO] DefRunner:   [fielding_basic/2006] 16페이지: 30행
2026-03-24 12:54:49 [INFO] DefRunner:   [fielding_basic/2006] 17페이지...
2026-03-24 12:54:50 [INFO] DefRunner:   [fielding_basic/2006] 18페이지...
2026-03-24 12:54:50 [INFO] DefRunner:   [fielding_basic/2006] 19페이지...
2026-03-24 12:54:51 [INFO] DefRunner: [fielding_basic] 2006년 전체: 543행
2026-03-24 12:54:52 [INFO] data_parser: [fielding_basic] 데이터 정제 시작 (543개 행)
2026-03-24 12:54:52 [INFO] data_parser: [fielding_basic] 데이터 정제 완료 — 543행 × 19열, 숫자 컬럼 14개
2026-03-24 12:54:52 [INFO] SQLiteStorage: SQLite 저장 완료: kbo_fielding_basic_2006 (543행)
2026-03-24 12:54:52 [INFO] DefRunner: [fielding_basic] 2006년 완료: 543행 → kbo_fielding_basic_2006
2026-03-24 12:54:53 [INFO] DefRunner: [fielding_basic] 2007년 수집 시작
2026-03-24 12:54:53 [INFO] DefRunner: [fielding_basic] 2007년 1페이지: 30행
2026-03-24 12:54:53 [INFO] DefRunner:   [fielding_basic/2007] 2페이지...
2026-03-24 12:54:54 [INFO] DefRunner:   [fielding_basic/2007] 3페이지...
2026-03-24 12:54:55 [INFO] DefRunner:   [fielding_basic/2007] 4페이지...
2026-03-24 12:54:55 [INFO] DefRunner:   [fielding_basic/2007] 5페이지...
2026-03-24 12:54:56 [INFO] DefRunner:   [fielding_basic/2007] 다음 페이지 그룹으로 이동...
2026-03-24 12:54:57 [INFO] DefRunner:   [fielding_basic/2007] 6페이지: 30행
2026-03-24 12:54:57 [INFO] DefRunner:   [fielding_basic/2007] 7페이지...
2026-03-24 12:54:58 [INFO] DefRunner:   [fielding_basic/2007] 8페이지...
2026-03-24 12:54:59 [INFO] DefRunner:   [fielding_basic/2007] 9페이지...
2026-03-24 12:54:59 [INFO] DefRunner:   [fielding_basic/2007] 10페이지...
2026-03-24 12:55:00 [INFO] DefRunner:   [fielding_basic/2007] 다음 페이지 그룹으로 이동...
2026-03-24 12:55:01 [INFO] DefRunner:   [fielding_basic/2007] 11페이지: 30행
2026-03-24 12:55:01 [INFO] DefRunner:   [fielding_basic/2007] 12페이지...
2026-03-24 12:55:01 [INFO] DefRunner:   [fielding_basic/2007] 13페이지...
2026-03-24 12:55:02 [INFO] DefRunner:   [fielding_basic/2007] 14페이지...
2026-03-24 12:55:03 [INFO] DefRunner:   [fielding_basic/2007] 15페이지...
2026-03-24 12:55:04 [INFO] DefRunner:   [fielding_basic/2007] 다음 페이지 그룹으로 이동...
2026-03-24 12:55:04 [INFO] DefRunner:   [fielding_basic/2007] 16페이지: 30행
2026-03-24 12:55:04 [INFO] DefRunner:   [fielding_basic/2007] 17페이지...
2026-03-24 12:55:05 [INFO] DefRunner:   [fielding_basic/2007] 18페이지...
2026-03-24 12:55:06 [INFO] DefRunner:   [fielding_basic/2007] 19페이지...
2026-03-24 12:55:07 [INFO] DefRunner:   [fielding_basic/2007] 20페이지...
2026-03-24 12:55:07 [INFO] DefRunner: [fielding_basic] 2007년 전체: 576행
2026-03-24 12:55:08 [INFO] data_parser: [fielding_basic] 데이터 정제 시작 (576개 행)
2026-03-24 12:55:08 [INFO] data_parser: [fielding_basic] 데이터 정제 완료 — 576행 × 19열, 숫자 컬럼 14개
2026-03-24 12:55:08 [INFO] SQLiteStorage: SQLite 저장 완료: kbo_fielding_basic_2007 (576행)
2026-03-24 12:55:08 [INFO] DefRunner: [fielding_basic] 2007년 완료: 576행 → kbo_fielding_basic_2007
2026-03-24 12:55:09 [INFO] DefRunner: [fielding_basic] 2008년 수집 시작
2026-03-24 12:55:09 [INFO] DefRunner: [fielding_basic] 2008년 1페이지: 30행
2026-03-24 12:55:09 [INFO] DefRunner:   [fielding_basic/2008] 2페이지...
2026-03-24 12:55:10 [INFO] DefRunner:   [fielding_basic/2008] 3페이지...
2026-03-24 12:55:11 [INFO] DefRunner:   [fielding_basic/2008] 4페이지...
2026-03-24 12:55:11 [INFO] DefRunner:   [fielding_basic/2008] 5페이지...
2026-03-24 12:55:12 [INFO] DefRunner:   [fielding_basic/2008] 다음 페이지 그룹으로 이동...
2026-03-24 12:55:13 [INFO] DefRunner:   [fielding_basic/2008] 6페이지: 30행
2026-03-24 12:55:13 [INFO] DefRunner:   [fielding_basic/2008] 7페이지...
2026-03-24 12:55:13 [INFO] DefRunner:   [fielding_basic/2008] 8페이지...
2026-03-24 12:55:14 [INFO] DefRunner:   [fielding_basic/2008] 9페이지...
2026-03-24 12:55:15 [INFO] DefRunner:   [fielding_basic/2008] 10페이지...
2026-03-24 12:55:16 [INFO] DefRunner:   [fielding_basic/2008] 다음 페이지 그룹으로 이동...
2026-03-24 12:55:16 [INFO] DefRunner:   [fielding_basic/2008] 11페이지: 30행
2026-03-24 12:55:16 [INFO] DefRunner:   [fielding_basic/2008] 12페이지...
2026-03-24 12:55:17 [INFO] DefRunner:   [fielding_basic/2008] 13페이지...
2026-03-24 12:55:18 [INFO] DefRunner:   [fielding_basic/2008] 14페이지...
2026-03-24 12:55:19 [INFO] DefRunner:   [fielding_basic/2008] 15페이지...
2026-03-24 12:55:19 [INFO] DefRunner:   [fielding_basic/2008] 다음 페이지 그룹으로 이동...
2026-03-24 12:55:20 [INFO] DefRunner:   [fielding_basic/2008] 16페이지: 30행
2026-03-24 12:55:20 [INFO] DefRunner:   [fielding_basic/2008] 17페이지...
2026-03-24 12:55:21 [INFO] DefRunner:   [fielding_basic/2008] 18페이지...
2026-03-24 12:55:21 [INFO] DefRunner:   [fielding_basic/2008] 19페이지...
2026-03-24 12:55:22 [INFO] DefRunner:   [fielding_basic/2008] 20페이지...
2026-03-24 12:55:23 [INFO] DefRunner:   [fielding_basic/2008] 다음 페이지 그룹으로 이동...
2026-03-24 12:55:24 [INFO] DefRunner:   [fielding_basic/2008] 21페이지: 25행
2026-03-24 12:55:24 [INFO] DefRunner: [fielding_basic] 2008년 전체: 625행
2026-03-24 12:55:24 [INFO] data_parser: [fielding_basic] 데이터 정제 시작 (625개 행)
2026-03-24 12:55:24 [INFO] data_parser: [fielding_basic] 데이터 정제 완료 — 625행 × 19열, 숫자 컬럼 14개
2026-03-24 12:55:25 [INFO] SQLiteStorage: SQLite 저장 완료: kbo_fielding_basic_2008 (625행)
2026-03-24 12:55:25 [INFO] DefRunner: [fielding_basic] 2008년 완료: 625행 → kbo_fielding_basic_2008
2026-03-24 12:55:26 [INFO] DefRunner: [fielding_basic] 2009년 수집 시작
2026-03-24 12:55:26 [INFO] DefRunner: [fielding_basic] 2009년 1페이지: 30행
2026-03-24 12:55:26 [INFO] DefRunner:   [fielding_basic/2009] 2페이지...
2026-03-24 12:55:26 [INFO] DefRunner:   [fielding_basic/2009] 3페이지...
2026-03-24 12:55:27 [INFO] DefRunner:   [fielding_basic/2009] 4페이지...
2026-03-24 12:55:28 [INFO] DefRunner:   [fielding_basic/2009] 5페이지...
2026-03-24 12:55:29 [INFO] DefRunner:   [fielding_basic/2009] 다음 페이지 그룹으로 이동...
2026-03-24 12:55:29 [INFO] DefRunner:   [fielding_basic/2009] 6페이지: 30행
2026-03-24 12:55:29 [INFO] DefRunner:   [fielding_basic/2009] 7페이지...
2026-03-24 12:55:30 [INFO] DefRunner:   [fielding_basic/2009] 8페이지...
2026-03-24 12:55:31 [INFO] DefRunner:   [fielding_basic/2009] 9페이지...
2026-03-24 12:55:32 [INFO] DefRunner:   [fielding_basic/2009] 10페이지...
2026-03-24 12:55:32 [INFO] DefRunner:   [fielding_basic/2009] 다음 페이지 그룹으로 이동...
2026-03-24 12:55:33 [INFO] DefRunner:   [fielding_basic/2009] 11페이지: 30행
2026-03-24 12:55:33 [INFO] DefRunner:   [fielding_basic/2009] 12페이지...
2026-03-24 12:55:34 [INFO] DefRunner:   [fielding_basic/2009] 13페이지...
2026-03-24 12:55:34 [INFO] DefRunner:   [fielding_basic/2009] 14페이지...
2026-03-24 12:55:35 [INFO] DefRunner:   [fielding_basic/2009] 15페이지...
2026-03-24 12:55:36 [INFO] DefRunner:   [fielding_basic/2009] 다음 페이지 그룹으로 이동...
2026-03-24 12:55:37 [INFO] DefRunner:   [fielding_basic/2009] 16페이지: 30행
2026-03-24 12:55:37 [INFO] DefRunner:   [fielding_basic/2009] 17페이지...
2026-03-24 12:55:38 [INFO] DefRunner:   [fielding_basic/2009] 18페이지...
2026-03-24 12:55:38 [INFO] DefRunner:   [fielding_basic/2009] 19페이지...
2026-03-24 12:55:39 [INFO] DefRunner:   [fielding_basic/2009] 20페이지...
2026-03-24 12:55:40 [INFO] DefRunner:   [fielding_basic/2009] 다음 페이지 그룹으로 이동...
2026-03-24 12:55:41 [INFO] DefRunner:   [fielding_basic/2009] 21페이지: 6행
2026-03-24 12:55:41 [INFO] DefRunner: [fielding_basic] 2009년 전체: 606행
2026-03-24 12:55:41 [INFO] data_parser: [fielding_basic] 데이터 정제 시작 (606개 행)
2026-03-24 12:55:41 [INFO] data_parser: [fielding_basic] 데이터 정제 완료 — 606행 × 19열, 숫자 컬럼 14개
2026-03-24 12:55:42 [INFO] SQLiteStorage: SQLite 저장 완료: kbo_fielding_basic_2009 (606행)
2026-03-24 12:55:42 [INFO] DefRunner: [fielding_basic] 2009년 완료: 606행 → kbo_fielding_basic_2009
2026-03-24 12:55:43 [INFO] DefRunner: [fielding_basic] 2010년 수집 시작
2026-03-24 12:55:43 [INFO] DefRunner: [fielding_basic] 2010년 1페이지: 30행
2026-03-24 12:55:43 [INFO] DefRunner:   [fielding_basic/2010] 2페이지...
2026-03-24 12:55:44 [INFO] DefRunner:   [fielding_basic/2010] 3페이지...
2026-03-24 12:55:44 [INFO] DefRunner:   [fielding_basic/2010] 4페이지...
2026-03-24 12:55:45 [INFO] DefRunner:   [fielding_basic/2010] 5페이지...
2026-03-24 12:55:46 [INFO] DefRunner:   [fielding_basic/2010] 다음 페이지 그룹으로 이동...
2026-03-24 12:55:47 [INFO] DefRunner:   [fielding_basic/2010] 6페이지: 30행
2026-03-24 12:55:47 [INFO] DefRunner:   [fielding_basic/2010] 7페이지...
2026-03-24 12:55:47 [INFO] DefRunner:   [fielding_basic/2010] 8페이지...
2026-03-24 12:55:48 [INFO] DefRunner:   [fielding_basic/2010] 9페이지...
2026-03-24 12:55:49 [INFO] DefRunner:   [fielding_basic/2010] 10페이지...
2026-03-24 12:55:50 [INFO] DefRunner:   [fielding_basic/2010] 다음 페이지 그룹으로 이동...
2026-03-24 12:55:51 [INFO] DefRunner:   [fielding_basic/2010] 11페이지: 30행
2026-03-24 12:55:51 [INFO] DefRunner:   [fielding_basic/2010] 12페이지...
2026-03-24 12:55:51 [INFO] DefRunner:   [fielding_basic/2010] 13페이지...
2026-03-24 12:55:52 [INFO] DefRunner:   [fielding_basic/2010] 14페이지...
2026-03-24 12:55:53 [INFO] DefRunner:   [fielding_basic/2010] 15페이지...
2026-03-24 12:55:54 [INFO] DefRunner:   [fielding_basic/2010] 다음 페이지 그룹으로 이동...
2026-03-24 12:55:54 [INFO] DefRunner:   [fielding_basic/2010] 16페이지: 30행
2026-03-24 12:55:54 [INFO] DefRunner:   [fielding_basic/2010] 17페이지...
2026-03-24 12:55:55 [INFO] DefRunner:   [fielding_basic/2010] 18페이지...
2026-03-24 12:55:56 [INFO] DefRunner:   [fielding_basic/2010] 19페이지...
2026-03-24 12:55:57 [INFO] DefRunner:   [fielding_basic/2010] 20페이지...
2026-03-24 12:55:58 [INFO] DefRunner: [fielding_basic] 2010년 전체: 599행
2026-03-24 12:55:58 [INFO] data_parser: [fielding_basic] 데이터 정제 시작 (599개 행)
2026-03-24 12:55:58 [INFO] data_parser: [fielding_basic] 데이터 정제 완료 — 599행 × 19열, 숫자 컬럼 14개
2026-03-24 12:55:58 [INFO] SQLiteStorage: SQLite 저장 완료: kbo_fielding_basic_2010 (599행)
2026-03-24 12:55:58 [INFO] DefRunner: [fielding_basic] 2010년 완료: 599행 → kbo_fielding_basic_2010
2026-03-24 12:55:59 [INFO] DefRunner: [fielding_basic] 2011년 수집 시작
2026-03-24 12:56:00 [INFO] DefRunner: [fielding_basic] 2011년 1페이지: 30행
2026-03-24 12:56:00 [INFO] DefRunner:   [fielding_basic/2011] 2페이지...
2026-03-24 12:56:00 [INFO] DefRunner:   [fielding_basic/2011] 3페이지...
2026-03-24 12:56:01 [INFO] DefRunner:   [fielding_basic/2011] 4페이지...
2026-03-24 12:56:02 [INFO] DefRunner:   [fielding_basic/2011] 5페이지...
2026-03-24 12:56:02 [INFO] DefRunner:   [fielding_basic/2011] 다음 페이지 그룹으로 이동...
2026-03-24 12:56:03 [INFO] DefRunner:   [fielding_basic/2011] 6페이지: 30행
2026-03-24 12:56:03 [INFO] DefRunner:   [fielding_basic/2011] 7페이지...
2026-03-24 12:56:04 [INFO] DefRunner:   [fielding_basic/2011] 8페이지...
2026-03-24 12:56:05 [INFO] DefRunner:   [fielding_basic/2011] 9페이지...
2026-03-24 12:56:06 [INFO] DefRunner:   [fielding_basic/2011] 10페이지...
2026-03-24 12:56:06 [INFO] DefRunner:   [fielding_basic/2011] 다음 페이지 그룹으로 이동...
2026-03-24 12:56:07 [INFO] DefRunner:   [fielding_basic/2011] 11페이지: 30행
2026-03-24 12:56:07 [INFO] DefRunner:   [fielding_basic/2011] 12페이지...
2026-03-24 12:56:08 [INFO] DefRunner:   [fielding_basic/2011] 13페이지...
2026-03-24 12:56:08 [INFO] DefRunner:   [fielding_basic/2011] 14페이지...
2026-03-24 12:56:09 [INFO] DefRunner:   [fielding_basic/2011] 15페이지...
2026-03-24 12:56:10 [INFO] DefRunner:   [fielding_basic/2011] 다음 페이지 그룹으로 이동...
2026-03-24 12:56:11 [INFO] DefRunner:   [fielding_basic/2011] 16페이지: 30행
2026-03-24 12:56:11 [INFO] DefRunner:   [fielding_basic/2011] 17페이지...
2026-03-24 12:56:12 [INFO] DefRunner:   [fielding_basic/2011] 18페이지...
2026-03-24 12:56:12 [INFO] DefRunner:   [fielding_basic/2011] 19페이지...
2026-03-24 12:56:13 [INFO] DefRunner:   [fielding_basic/2011] 20페이지...
2026-03-24 12:56:14 [INFO] DefRunner: [fielding_basic] 2011년 전체: 588행
2026-03-24 12:56:14 [INFO] data_parser: [fielding_basic] 데이터 정제 시작 (588개 행)
2026-03-24 12:56:15 [INFO] data_parser: [fielding_basic] 데이터 정제 완료 — 588행 × 19열, 숫자 컬럼 14개
2026-03-24 12:56:15 [INFO] SQLiteStorage: SQLite 저장 완료: kbo_fielding_basic_2011 (588행)
2026-03-24 12:56:15 [INFO] DefRunner: [fielding_basic] 2011년 완료: 588행 → kbo_fielding_basic_2011
2026-03-24 12:56:16 [INFO] DefRunner: [fielding_basic] 2012년 수집 시작
2026-03-24 12:56:16 [INFO] DefRunner: [fielding_basic] 2012년 1페이지: 30행
2026-03-24 12:56:16 [INFO] DefRunner:   [fielding_basic/2012] 2페이지...
2026-03-24 12:56:17 [INFO] DefRunner:   [fielding_basic/2012] 3페이지...
2026-03-24 12:56:18 [INFO] DefRunner:   [fielding_basic/2012] 4페이지...
2026-03-24 12:56:19 [INFO] DefRunner:   [fielding_basic/2012] 5페이지...
2026-03-24 12:56:19 [INFO] DefRunner:   [fielding_basic/2012] 다음 페이지 그룹으로 이동...
2026-03-24 12:56:20 [INFO] DefRunner:   [fielding_basic/2012] 6페이지: 30행
2026-03-24 12:56:20 [INFO] DefRunner:   [fielding_basic/2012] 7페이지...
2026-03-24 12:56:21 [INFO] DefRunner:   [fielding_basic/2012] 8페이지...
2026-03-24 12:56:22 [INFO] DefRunner:   [fielding_basic/2012] 9페이지...
2026-03-24 12:56:22 [INFO] DefRunner:   [fielding_basic/2012] 10페이지...
2026-03-24 12:56:23 [INFO] DefRunner:   [fielding_basic/2012] 다음 페이지 그룹으로 이동...
2026-03-24 12:56:24 [INFO] DefRunner:   [fielding_basic/2012] 11페이지: 30행
2026-03-24 12:56:24 [INFO] DefRunner:   [fielding_basic/2012] 12페이지...
2026-03-24 12:56:25 [INFO] DefRunner:   [fielding_basic/2012] 13페이지...
2026-03-24 12:56:25 [INFO] DefRunner:   [fielding_basic/2012] 14페이지...
2026-03-24 12:56:26 [INFO] DefRunner:   [fielding_basic/2012] 15페이지...
2026-03-24 12:56:27 [INFO] DefRunner:   [fielding_basic/2012] 다음 페이지 그룹으로 이동...
2026-03-24 12:56:28 [INFO] DefRunner:   [fielding_basic/2012] 16페이지: 30행
2026-03-24 12:56:28 [INFO] DefRunner:   [fielding_basic/2012] 17페이지...
2026-03-24 12:56:28 [INFO] DefRunner:   [fielding_basic/2012] 18페이지...
2026-03-24 12:56:29 [INFO] DefRunner:   [fielding_basic/2012] 19페이지...
2026-03-24 12:56:30 [INFO] DefRunner:   [fielding_basic/2012] 20페이지...
2026-03-24 12:56:31 [INFO] DefRunner:   [fielding_basic/2012] 다음 페이지 그룹으로 이동...
2026-03-24 12:56:32 [INFO] DefRunner:   [fielding_basic/2012] 21페이지: 30행
2026-03-24 12:56:32 [INFO] DefRunner:   [fielding_basic/2012] 22페이지...
2026-03-24 12:56:32 [INFO] DefRunner: [fielding_basic] 2012년 전체: 634행
2026-03-24 12:56:33 [INFO] data_parser: [fielding_basic] 데이터 정제 시작 (634개 행)
2026-03-24 12:56:33 [INFO] data_parser: [fielding_basic] 데이터 정제 완료 — 634행 × 19열, 숫자 컬럼 14개
2026-03-24 12:56:33 [INFO] SQLiteStorage: SQLite 저장 완료: kbo_fielding_basic_2012 (634행)
2026-03-24 12:56:33 [INFO] DefRunner: [fielding_basic] 2012년 완료: 634행 → kbo_fielding_basic_2012
2026-03-24 12:56:34 [INFO] DefRunner: [fielding_basic] 2013년 수집 시작
2026-03-24 12:56:34 [INFO] DefRunner: [fielding_basic] 2013년 1페이지: 30행
2026-03-24 12:56:34 [INFO] DefRunner:   [fielding_basic/2013] 2페이지...
2026-03-24 12:56:35 [INFO] DefRunner:   [fielding_basic/2013] 3페이지...
2026-03-24 12:56:36 [INFO] DefRunner:   [fielding_basic/2013] 4페이지...
2026-03-24 12:56:37 [INFO] DefRunner:   [fielding_basic/2013] 5페이지...
2026-03-24 12:56:37 [INFO] DefRunner:   [fielding_basic/2013] 다음 페이지 그룹으로 이동...
2026-03-24 12:56:38 [INFO] DefRunner:   [fielding_basic/2013] 6페이지: 30행
2026-03-24 12:56:38 [INFO] DefRunner:   [fielding_basic/2013] 7페이지...
2026-03-24 12:56:39 [INFO] DefRunner:   [fielding_basic/2013] 8페이지...
2026-03-24 12:56:40 [INFO] DefRunner:   [fielding_basic/2013] 9페이지...
2026-03-24 12:56:40 [INFO] DefRunner:   [fielding_basic/2013] 10페이지...
2026-03-24 12:56:41 [INFO] DefRunner:   [fielding_basic/2013] 다음 페이지 그룹으로 이동...
2026-03-24 12:56:42 [INFO] DefRunner:   [fielding_basic/2013] 11페이지: 30행
2026-03-24 12:56:42 [INFO] DefRunner:   [fielding_basic/2013] 12페이지...
2026-03-24 12:56:43 [INFO] DefRunner:   [fielding_basic/2013] 13페이지...
2026-03-24 12:56:43 [INFO] DefRunner:   [fielding_basic/2013] 14페이지...
2026-03-24 12:56:44 [INFO] DefRunner:   [fielding_basic/2013] 15페이지...
2026-03-24 12:56:45 [INFO] DefRunner:   [fielding_basic/2013] 다음 페이지 그룹으로 이동...
2026-03-24 12:56:46 [INFO] DefRunner:   [fielding_basic/2013] 16페이지: 30행
2026-03-24 12:56:46 [INFO] DefRunner:   [fielding_basic/2013] 17페이지...
2026-03-24 12:56:47 [INFO] DefRunner:   [fielding_basic/2013] 18페이지...
2026-03-24 12:56:47 [INFO] DefRunner:   [fielding_basic/2013] 19페이지...
2026-03-24 12:56:48 [INFO] DefRunner:   [fielding_basic/2013] 20페이지...
2026-03-24 12:56:49 [INFO] DefRunner:   [fielding_basic/2013] 다음 페이지 그룹으로 이동...
2026-03-24 12:56:50 [INFO] DefRunner:   [fielding_basic/2013] 21페이지: 30행
2026-03-24 12:56:50 [INFO] DefRunner:   [fielding_basic/2013] 22페이지...
2026-03-24 12:56:50 [INFO] DefRunner:   [fielding_basic/2013] 23페이지...
2026-03-24 12:56:51 [INFO] DefRunner: [fielding_basic] 2013년 전체: 676행
2026-03-24 12:56:52 [INFO] data_parser: [fielding_basic] 데이터 정제 시작 (676개 행)
2026-03-24 12:56:52 [INFO] data_parser: [fielding_basic] 데이터 정제 완료 — 676행 × 19열, 숫자 컬럼 14개
2026-03-24 12:56:52 [INFO] SQLiteStorage: SQLite 저장 완료: kbo_fielding_basic_2013 (676행)
2026-03-24 12:56:52 [INFO] DefRunner: [fielding_basic] 2013년 완료: 676행 → kbo_fielding_basic_2013
2026-03-24 12:56:53 [INFO] DefRunner: [fielding_basic] 2014년 수집 시작
2026-03-24 12:56:53 [INFO] DefRunner: [fielding_basic] 2014년 1페이지: 30행
2026-03-24 12:56:53 [INFO] DefRunner:   [fielding_basic/2014] 2페이지...
2026-03-24 12:56:54 [INFO] DefRunner:   [fielding_basic/2014] 3페이지...
2026-03-24 12:56:55 [INFO] DefRunner:   [fielding_basic/2014] 4페이지...
2026-03-24 12:56:55 [INFO] DefRunner:   [fielding_basic/2014] 5페이지...
2026-03-24 12:56:56 [INFO] DefRunner:   [fielding_basic/2014] 다음 페이지 그룹으로 이동...
2026-03-24 12:56:57 [INFO] DefRunner:   [fielding_basic/2014] 6페이지: 30행
2026-03-24 12:56:57 [INFO] DefRunner:   [fielding_basic/2014] 7페이지...
2026-03-24 12:56:58 [INFO] DefRunner:   [fielding_basic/2014] 8페이지...
2026-03-24 12:56:59 [INFO] DefRunner:   [fielding_basic/2014] 9페이지...
2026-03-24 12:56:59 [INFO] DefRunner:   [fielding_basic/2014] 10페이지...
2026-03-24 12:57:00 [INFO] DefRunner:   [fielding_basic/2014] 다음 페이지 그룹으로 이동...
2026-03-24 12:57:01 [INFO] DefRunner:   [fielding_basic/2014] 11페이지: 30행
2026-03-24 12:57:01 [INFO] DefRunner:   [fielding_basic/2014] 12페이지...
2026-03-24 12:57:02 [INFO] DefRunner:   [fielding_basic/2014] 13페이지...
2026-03-24 12:57:02 [INFO] DefRunner:   [fielding_basic/2014] 14페이지...
2026-03-24 12:57:03 [INFO] DefRunner:   [fielding_basic/2014] 15페이지...
2026-03-24 12:57:04 [INFO] DefRunner:   [fielding_basic/2014] 다음 페이지 그룹으로 이동...
2026-03-24 12:57:04 [INFO] DefRunner:   [fielding_basic/2014] 16페이지: 30행
2026-03-24 12:57:04 [INFO] DefRunner:   [fielding_basic/2014] 17페이지...
2026-03-24 12:57:05 [INFO] DefRunner:   [fielding_basic/2014] 18페이지...
2026-03-24 12:57:06 [INFO] DefRunner:   [fielding_basic/2014] 19페이지...
2026-03-24 12:57:07 [INFO] DefRunner:   [fielding_basic/2014] 20페이지...
2026-03-24 12:57:07 [INFO] DefRunner:   [fielding_basic/2014] 다음 페이지 그룹으로 이동...
2026-03-24 12:57:08 [INFO] DefRunner:   [fielding_basic/2014] 21페이지: 30행
2026-03-24 12:57:08 [INFO] DefRunner:   [fielding_basic/2014] 22페이지...
2026-03-24 12:57:09 [INFO] DefRunner:   [fielding_basic/2014] 23페이지...
2026-03-24 12:57:10 [INFO] DefRunner:   [fielding_basic/2014] 24페이지...
2026-03-24 12:57:10 [INFO] DefRunner: [fielding_basic] 2014년 전체: 692행
2026-03-24 12:57:11 [INFO] data_parser: [fielding_basic] 데이터 정제 시작 (692개 행)
2026-03-24 12:57:11 [INFO] data_parser: [fielding_basic] 데이터 정제 완료 — 692행 × 19열, 숫자 컬럼 14개
2026-03-24 12:57:11 [INFO] SQLiteStorage: SQLite 저장 완료: kbo_fielding_basic_2014 (692행)
2026-03-24 12:57:11 [INFO] DefRunner: [fielding_basic] 2014년 완료: 692행 → kbo_fielding_basic_2014
2026-03-24 12:57:12 [INFO] DefRunner: [fielding_basic] 2015년 수집 시작
2026-03-24 12:57:12 [INFO] DefRunner: [fielding_basic] 2015년 1페이지: 30행
2026-03-24 12:57:12 [INFO] DefRunner:   [fielding_basic/2015] 2페이지...
2026-03-24 12:57:13 [INFO] DefRunner:   [fielding_basic/2015] 3페이지...
2026-03-24 12:57:14 [INFO] DefRunner:   [fielding_basic/2015] 4페이지...
2026-03-24 12:57:15 [INFO] DefRunner:   [fielding_basic/2015] 5페이지...
2026-03-24 12:57:16 [INFO] DefRunner:   [fielding_basic/2015] 다음 페이지 그룹으로 이동...
2026-03-24 12:57:16 [INFO] DefRunner:   [fielding_basic/2015] 6페이지: 30행
2026-03-24 12:57:16 [INFO] DefRunner:   [fielding_basic/2015] 7페이지...
2026-03-24 12:57:17 [INFO] DefRunner:   [fielding_basic/2015] 8페이지...
2026-03-24 12:57:18 [INFO] DefRunner:   [fielding_basic/2015] 9페이지...
2026-03-24 12:57:19 [INFO] DefRunner:   [fielding_basic/2015] 10페이지...
2026-03-24 12:57:19 [INFO] DefRunner:   [fielding_basic/2015] 다음 페이지 그룹으로 이동...
2026-03-24 12:57:20 [INFO] DefRunner:   [fielding_basic/2015] 11페이지: 30행
2026-03-24 12:57:20 [INFO] DefRunner:   [fielding_basic/2015] 12페이지...
2026-03-24 12:57:21 [INFO] DefRunner:   [fielding_basic/2015] 13페이지...
2026-03-24 12:57:22 [INFO] DefRunner:   [fielding_basic/2015] 14페이지...
2026-03-24 12:57:22 [INFO] DefRunner:   [fielding_basic/2015] 15페이지...
2026-03-24 12:57:23 [INFO] DefRunner:   [fielding_basic/2015] 다음 페이지 그룹으로 이동...
2026-03-24 12:57:24 [INFO] DefRunner:   [fielding_basic/2015] 16페이지: 30행
2026-03-24 12:57:24 [INFO] DefRunner:   [fielding_basic/2015] 17페이지...
2026-03-24 12:57:25 [INFO] DefRunner:   [fielding_basic/2015] 18페이지...
2026-03-24 12:57:25 [INFO] DefRunner:   [fielding_basic/2015] 19페이지...
2026-03-24 12:57:26 [INFO] DefRunner:   [fielding_basic/2015] 20페이지...
2026-03-24 12:57:27 [INFO] DefRunner:   [fielding_basic/2015] 다음 페이지 그룹으로 이동...
2026-03-24 12:57:28 [INFO] DefRunner:   [fielding_basic/2015] 21페이지: 30행
2026-03-24 12:57:28 [INFO] DefRunner:   [fielding_basic/2015] 22페이지...
2026-03-24 12:57:29 [INFO] DefRunner:   [fielding_basic/2015] 23페이지...
2026-03-24 12:57:29 [INFO] DefRunner:   [fielding_basic/2015] 24페이지...
2026-03-24 12:57:30 [INFO] DefRunner:   [fielding_basic/2015] 25페이지...
2026-03-24 12:57:31 [INFO] DefRunner:   [fielding_basic/2015] 다음 페이지 그룹으로 이동...
2026-03-24 12:57:32 [INFO] DefRunner:   [fielding_basic/2015] 26페이지: 30행
2026-03-24 12:57:32 [INFO] DefRunner:   [fielding_basic/2015] 27페이지...
2026-03-24 12:57:32 [INFO] DefRunner:   [fielding_basic/2015] 28페이지...
2026-03-24 12:57:33 [INFO] DefRunner:   [fielding_basic/2015] 29페이지...
2026-03-24 12:57:34 [INFO] DefRunner: [fielding_basic] 2015년 전체: 848행
2026-03-24 12:57:34 [INFO] data_parser: [fielding_basic] 데이터 정제 시작 (848개 행)
2026-03-24 12:57:35 [INFO] data_parser: [fielding_basic] 데이터 정제 완료 — 848행 × 19열, 숫자 컬럼 14개
2026-03-24 12:57:35 [INFO] SQLiteStorage: SQLite 저장 완료: kbo_fielding_basic_2015 (848행)
2026-03-24 12:57:35 [INFO] DefRunner: [fielding_basic] 2015년 완료: 848행 → kbo_fielding_basic_2015
2026-03-24 12:57:36 [INFO] DefRunner: [fielding_basic] 2016년 수집 시작
2026-03-24 12:57:36 [INFO] DefRunner: [fielding_basic] 2016년 1페이지: 30행
2026-03-24 12:57:36 [INFO] DefRunner:   [fielding_basic/2016] 2페이지...
2026-03-24 12:57:37 [INFO] DefRunner:   [fielding_basic/2016] 3페이지...
2026-03-24 12:57:37 [INFO] DefRunner:   [fielding_basic/2016] 4페이지...
2026-03-24 12:57:38 [INFO] DefRunner:   [fielding_basic/2016] 5페이지...
2026-03-24 12:57:39 [INFO] DefRunner:   [fielding_basic/2016] 다음 페이지 그룹으로 이동...
2026-03-24 12:57:40 [INFO] DefRunner:   [fielding_basic/2016] 6페이지: 30행
2026-03-24 12:57:40 [INFO] DefRunner:   [fielding_basic/2016] 7페이지...
2026-03-24 12:57:40 [INFO] DefRunner:   [fielding_basic/2016] 8페이지...
2026-03-24 12:57:41 [INFO] DefRunner:   [fielding_basic/2016] 9페이지...
2026-03-24 12:57:42 [INFO] DefRunner:   [fielding_basic/2016] 10페이지...
2026-03-24 12:57:43 [INFO] DefRunner:   [fielding_basic/2016] 다음 페이지 그룹으로 이동...
2026-03-24 12:57:43 [INFO] DefRunner:   [fielding_basic/2016] 11페이지: 30행
2026-03-24 12:57:43 [INFO] DefRunner:   [fielding_basic/2016] 12페이지...
2026-03-24 12:57:44 [INFO] DefRunner:   [fielding_basic/2016] 13페이지...
2026-03-24 12:57:45 [INFO] DefRunner:   [fielding_basic/2016] 14페이지...
2026-03-24 12:57:46 [INFO] DefRunner:   [fielding_basic/2016] 15페이지...
2026-03-24 12:57:46 [INFO] DefRunner:   [fielding_basic/2016] 다음 페이지 그룹으로 이동...
2026-03-24 12:57:47 [INFO] DefRunner:   [fielding_basic/2016] 16페이지: 30행
2026-03-24 12:57:47 [INFO] DefRunner:   [fielding_basic/2016] 17페이지...
2026-03-24 12:57:48 [INFO] DefRunner:   [fielding_basic/2016] 18페이지...
2026-03-24 12:57:49 [INFO] DefRunner:   [fielding_basic/2016] 19페이지...
2026-03-24 12:57:49 [INFO] DefRunner:   [fielding_basic/2016] 20페이지...
2026-03-24 12:57:50 [INFO] DefRunner:   [fielding_basic/2016] 다음 페이지 그룹으로 이동...
2026-03-24 12:57:51 [INFO] DefRunner:   [fielding_basic/2016] 21페이지: 30행
2026-03-24 12:57:51 [INFO] DefRunner:   [fielding_basic/2016] 22페이지...
2026-03-24 12:57:52 [INFO] DefRunner:   [fielding_basic/2016] 23페이지...
2026-03-24 12:57:52 [INFO] DefRunner:   [fielding_basic/2016] 24페이지...
2026-03-24 12:57:53 [INFO] DefRunner:   [fielding_basic/2016] 25페이지...
2026-03-24 12:57:54 [INFO] DefRunner:   [fielding_basic/2016] 다음 페이지 그룹으로 이동...
2026-03-24 12:57:55 [INFO] DefRunner:   [fielding_basic/2016] 26페이지: 30행
2026-03-24 12:57:55 [INFO] DefRunner:   [fielding_basic/2016] 27페이지...
2026-03-24 12:57:56 [INFO] DefRunner:   [fielding_basic/2016] 28페이지...
2026-03-24 12:57:56 [INFO] DefRunner:   [fielding_basic/2016] 29페이지...
2026-03-24 12:57:57 [INFO] DefRunner: [fielding_basic] 2016년 전체: 862행
2026-03-24 12:57:58 [INFO] data_parser: [fielding_basic] 데이터 정제 시작 (862개 행)
2026-03-24 12:57:58 [INFO] data_parser: [fielding_basic] 데이터 정제 완료 — 862행 × 19열, 숫자 컬럼 14개
2026-03-24 12:57:58 [INFO] SQLiteStorage: SQLite 저장 완료: kbo_fielding_basic_2016 (862행)
2026-03-24 12:57:58 [INFO] DefRunner: [fielding_basic] 2016년 완료: 862행 → kbo_fielding_basic_2016
2026-03-24 12:57:59 [INFO] DefRunner: [fielding_basic] 2017년 수집 시작
2026-03-24 12:57:59 [INFO] DefRunner: [fielding_basic] 2017년 1페이지: 30행
2026-03-24 12:57:59 [INFO] DefRunner:   [fielding_basic/2017] 2페이지...
2026-03-24 12:58:00 [INFO] DefRunner:   [fielding_basic/2017] 3페이지...
2026-03-24 12:58:01 [INFO] DefRunner:   [fielding_basic/2017] 4페이지...
2026-03-24 12:58:01 [INFO] DefRunner:   [fielding_basic/2017] 5페이지...
2026-03-24 12:58:02 [INFO] DefRunner:   [fielding_basic/2017] 다음 페이지 그룹으로 이동...
2026-03-24 12:58:03 [INFO] DefRunner:   [fielding_basic/2017] 6페이지: 30행
2026-03-24 12:58:03 [INFO] DefRunner:   [fielding_basic/2017] 7페이지...
2026-03-24 12:58:04 [INFO] DefRunner:   [fielding_basic/2017] 8페이지...
2026-03-24 12:58:04 [INFO] DefRunner:   [fielding_basic/2017] 9페이지...
2026-03-24 12:58:05 [INFO] DefRunner:   [fielding_basic/2017] 10페이지...
2026-03-24 12:58:06 [INFO] DefRunner:   [fielding_basic/2017] 다음 페이지 그룹으로 이동...
2026-03-24 12:58:07 [INFO] DefRunner:   [fielding_basic/2017] 11페이지: 30행
2026-03-24 12:58:07 [INFO] DefRunner:   [fielding_basic/2017] 12페이지...
2026-03-24 12:58:07 [INFO] DefRunner:   [fielding_basic/2017] 13페이지...
2026-03-24 12:58:08 [INFO] DefRunner:   [fielding_basic/2017] 14페이지...
2026-03-24 12:58:09 [INFO] DefRunner:   [fielding_basic/2017] 15페이지...
2026-03-24 12:58:10 [INFO] DefRunner:   [fielding_basic/2017] 다음 페이지 그룹으로 이동...
2026-03-24 12:58:10 [INFO] DefRunner:   [fielding_basic/2017] 16페이지: 30행
2026-03-24 12:58:10 [INFO] DefRunner:   [fielding_basic/2017] 17페이지...
2026-03-24 12:58:11 [INFO] DefRunner:   [fielding_basic/2017] 18페이지...
2026-03-24 12:58:12 [INFO] DefRunner:   [fielding_basic/2017] 19페이지...
2026-03-24 12:58:13 [INFO] DefRunner:   [fielding_basic/2017] 20페이지...
2026-03-24 12:58:13 [INFO] DefRunner:   [fielding_basic/2017] 다음 페이지 그룹으로 이동...
2026-03-24 12:58:14 [INFO] DefRunner:   [fielding_basic/2017] 21페이지: 30행
2026-03-24 12:58:14 [INFO] DefRunner:   [fielding_basic/2017] 22페이지...
2026-03-24 12:58:15 [INFO] DefRunner:   [fielding_basic/2017] 23페이지...
2026-03-24 12:58:16 [INFO] DefRunner:   [fielding_basic/2017] 24페이지...
2026-03-24 12:58:16 [INFO] DefRunner:   [fielding_basic/2017] 25페이지...
2026-03-24 12:58:17 [INFO] DefRunner:   [fielding_basic/2017] 다음 페이지 그룹으로 이동...
2026-03-24 12:58:18 [INFO] DefRunner:   [fielding_basic/2017] 26페이지: 30행
2026-03-24 12:58:18 [INFO] DefRunner:   [fielding_basic/2017] 27페이지...
2026-03-24 12:58:19 [INFO] DefRunner:   [fielding_basic/2017] 28페이지...
2026-03-24 12:58:19 [INFO] DefRunner: [fielding_basic] 2017년 전체: 813행
2026-03-24 12:58:20 [INFO] data_parser: [fielding_basic] 데이터 정제 시작 (813개 행)
2026-03-24 12:58:20 [INFO] data_parser: [fielding_basic] 데이터 정제 완료 — 813행 × 19열, 숫자 컬럼 14개
2026-03-24 12:58:20 [INFO] SQLiteStorage: SQLite 저장 완료: kbo_fielding_basic_2017 (813행)
2026-03-24 12:58:20 [INFO] DefRunner: [fielding_basic] 2017년 완료: 813행 → kbo_fielding_basic_2017
2026-03-24 12:58:21 [INFO] DefRunner: [fielding_basic] 2018년 수집 시작
2026-03-24 12:58:22 [INFO] DefRunner: [fielding_basic] 2018년 1페이지: 30행
2026-03-24 12:58:22 [INFO] DefRunner:   [fielding_basic/2018] 2페이지...
2026-03-24 12:58:22 [INFO] DefRunner:   [fielding_basic/2018] 3페이지...
2026-03-24 12:58:23 [INFO] DefRunner:   [fielding_basic/2018] 4페이지...
2026-03-24 12:58:24 [INFO] DefRunner:   [fielding_basic/2018] 5페이지...
2026-03-24 12:58:25 [INFO] DefRunner:   [fielding_basic/2018] 다음 페이지 그룹으로 이동...
2026-03-24 12:58:25 [INFO] DefRunner:   [fielding_basic/2018] 6페이지: 30행
2026-03-24 12:58:25 [INFO] DefRunner:   [fielding_basic/2018] 7페이지...
2026-03-24 12:58:26 [INFO] DefRunner:   [fielding_basic/2018] 8페이지...
2026-03-24 12:58:27 [INFO] DefRunner:   [fielding_basic/2018] 9페이지...
2026-03-24 12:58:28 [INFO] DefRunner:   [fielding_basic/2018] 10페이지...
2026-03-24 12:58:28 [INFO] DefRunner:   [fielding_basic/2018] 다음 페이지 그룹으로 이동...
2026-03-24 12:58:29 [INFO] DefRunner:   [fielding_basic/2018] 11페이지: 30행
2026-03-24 12:58:29 [INFO] DefRunner:   [fielding_basic/2018] 12페이지...
2026-03-24 12:58:30 [INFO] DefRunner:   [fielding_basic/2018] 13페이지...
2026-03-24 12:58:31 [INFO] DefRunner:   [fielding_basic/2018] 14페이지...
2026-03-24 12:58:31 [INFO] DefRunner:   [fielding_basic/2018] 15페이지...
2026-03-24 12:58:32 [INFO] DefRunner:   [fielding_basic/2018] 다음 페이지 그룹으로 이동...
2026-03-24 12:58:33 [INFO] DefRunner:   [fielding_basic/2018] 16페이지: 30행
2026-03-24 12:58:33 [INFO] DefRunner:   [fielding_basic/2018] 17페이지...
2026-03-24 12:58:34 [INFO] DefRunner:   [fielding_basic/2018] 18페이지...
2026-03-24 12:58:34 [INFO] DefRunner:   [fielding_basic/2018] 19페이지...
2026-03-24 12:58:35 [INFO] DefRunner:   [fielding_basic/2018] 20페이지...
2026-03-24 12:58:36 [INFO] DefRunner:   [fielding_basic/2018] 다음 페이지 그룹으로 이동...
2026-03-24 12:58:37 [INFO] DefRunner:   [fielding_basic/2018] 21페이지: 30행
2026-03-24 12:58:37 [INFO] DefRunner:   [fielding_basic/2018] 22페이지...
2026-03-24 12:58:37 [INFO] DefRunner:   [fielding_basic/2018] 23페이지...
2026-03-24 12:58:38 [INFO] DefRunner:   [fielding_basic/2018] 24페이지...
2026-03-24 12:58:39 [INFO] DefRunner:   [fielding_basic/2018] 25페이지...
2026-03-24 12:58:40 [INFO] DefRunner:   [fielding_basic/2018] 다음 페이지 그룹으로 이동...
2026-03-24 12:58:40 [INFO] DefRunner:   [fielding_basic/2018] 26페이지: 30행
2026-03-24 12:58:40 [INFO] DefRunner:   [fielding_basic/2018] 27페이지...
2026-03-24 12:58:41 [INFO] DefRunner:   [fielding_basic/2018] 28페이지...
2026-03-24 12:58:42 [INFO] DefRunner: [fielding_basic] 2018년 전체: 816행
2026-03-24 12:58:42 [INFO] data_parser: [fielding_basic] 데이터 정제 시작 (816개 행)
2026-03-24 12:58:43 [INFO] data_parser: [fielding_basic] 데이터 정제 완료 — 816행 × 19열, 숫자 컬럼 14개
2026-03-24 12:58:43 [INFO] SQLiteStorage: SQLite 저장 완료: kbo_fielding_basic_2018 (816행)
2026-03-24 12:58:43 [INFO] DefRunner: [fielding_basic] 2018년 완료: 816행 → kbo_fielding_basic_2018
2026-03-24 12:58:44 [INFO] DefRunner: [fielding_basic] 2019년 수집 시작
2026-03-24 12:58:44 [INFO] DefRunner: [fielding_basic] 2019년 1페이지: 30행
2026-03-24 12:58:44 [INFO] DefRunner:   [fielding_basic/2019] 2페이지...
2026-03-24 12:58:45 [INFO] DefRunner:   [fielding_basic/2019] 3페이지...
2026-03-24 12:58:45 [INFO] DefRunner:   [fielding_basic/2019] 4페이지...
2026-03-24 12:58:46 [INFO] DefRunner:   [fielding_basic/2019] 5페이지...
2026-03-24 12:58:47 [INFO] DefRunner:   [fielding_basic/2019] 다음 페이지 그룹으로 이동...
2026-03-24 12:58:48 [INFO] DefRunner:   [fielding_basic/2019] 6페이지: 30행
2026-03-24 12:58:48 [INFO] DefRunner:   [fielding_basic/2019] 7페이지...
2026-03-24 12:58:48 [INFO] DefRunner:   [fielding_basic/2019] 8페이지...
2026-03-24 12:58:49 [INFO] DefRunner:   [fielding_basic/2019] 9페이지...
2026-03-24 12:58:50 [INFO] DefRunner:   [fielding_basic/2019] 10페이지...
2026-03-24 12:58:51 [INFO] DefRunner:   [fielding_basic/2019] 다음 페이지 그룹으로 이동...
2026-03-24 12:58:51 [INFO] DefRunner:   [fielding_basic/2019] 11페이지: 30행
2026-03-24 12:58:51 [INFO] DefRunner:   [fielding_basic/2019] 12페이지...
2026-03-24 12:58:52 [INFO] DefRunner:   [fielding_basic/2019] 13페이지...
2026-03-24 12:58:53 [INFO] DefRunner:   [fielding_basic/2019] 14페이지...
2026-03-24 12:58:54 [INFO] DefRunner:   [fielding_basic/2019] 15페이지...
2026-03-24 12:58:55 [INFO] DefRunner:   [fielding_basic/2019] 다음 페이지 그룹으로 이동...
2026-03-24 12:58:55 [INFO] DefRunner:   [fielding_basic/2019] 16페이지: 30행
2026-03-24 12:58:55 [INFO] DefRunner:   [fielding_basic/2019] 17페이지...
2026-03-24 12:58:56 [INFO] DefRunner:   [fielding_basic/2019] 18페이지...
2026-03-24 12:58:57 [INFO] DefRunner:   [fielding_basic/2019] 19페이지...
2026-03-24 12:58:58 [INFO] DefRunner:   [fielding_basic/2019] 20페이지...
2026-03-24 12:58:58 [INFO] DefRunner:   [fielding_basic/2019] 다음 페이지 그룹으로 이동...
2026-03-24 12:58:59 [INFO] DefRunner:   [fielding_basic/2019] 21페이지: 30행
2026-03-24 12:58:59 [INFO] DefRunner:   [fielding_basic/2019] 22페이지...
2026-03-24 12:59:00 [INFO] DefRunner:   [fielding_basic/2019] 23페이지...
2026-03-24 12:59:01 [INFO] DefRunner:   [fielding_basic/2019] 24페이지...
2026-03-24 12:59:02 [INFO] DefRunner:   [fielding_basic/2019] 25페이지...
2026-03-24 12:59:02 [INFO] DefRunner:   [fielding_basic/2019] 다음 페이지 그룹으로 이동...
2026-03-24 12:59:03 [INFO] DefRunner:   [fielding_basic/2019] 26페이지: 30행
2026-03-24 12:59:03 [INFO] DefRunner:   [fielding_basic/2019] 27페이지...
2026-03-24 12:59:04 [INFO] DefRunner:   [fielding_basic/2019] 28페이지...
2026-03-24 12:59:05 [INFO] DefRunner:   [fielding_basic/2019] 29페이지...
2026-03-24 12:59:05 [INFO] DefRunner: [fielding_basic] 2019년 전체: 864행
2026-03-24 12:59:06 [INFO] data_parser: [fielding_basic] 데이터 정제 시작 (864개 행)
2026-03-24 12:59:06 [INFO] data_parser: [fielding_basic] 데이터 정제 완료 — 864행 × 19열, 숫자 컬럼 14개
2026-03-24 12:59:06 [INFO] SQLiteStorage: SQLite 저장 완료: kbo_fielding_basic_2019 (864행)
2026-03-24 12:59:06 [INFO] DefRunner: [fielding_basic] 2019년 완료: 864행 → kbo_fielding_basic_2019
2026-03-24 12:59:07 [INFO] DefRunner: [fielding_basic] 2020년 수집 시작
2026-03-24 12:59:07 [INFO] DefRunner: [fielding_basic] 2020년 1페이지: 30행
2026-03-24 12:59:07 [INFO] DefRunner:   [fielding_basic/2020] 2페이지...
2026-03-24 12:59:08 [INFO] DefRunner:   [fielding_basic/2020] 3페이지...
2026-03-24 12:59:09 [INFO] DefRunner:   [fielding_basic/2020] 4페이지...
2026-03-24 12:59:10 [INFO] DefRunner:   [fielding_basic/2020] 5페이지...
2026-03-24 12:59:10 [INFO] DefRunner:   [fielding_basic/2020] 다음 페이지 그룹으로 이동...
2026-03-24 12:59:12 [INFO] DefRunner:   [fielding_basic/2020] 6페이지: 30행
2026-03-24 12:59:12 [INFO] DefRunner:   [fielding_basic/2020] 7페이지...
2026-03-24 12:59:13 [INFO] DefRunner:   [fielding_basic/2020] 8페이지...
2026-03-24 12:59:13 [INFO] DefRunner:   [fielding_basic/2020] 9페이지...
2026-03-24 12:59:14 [INFO] DefRunner:   [fielding_basic/2020] 10페이지...
2026-03-24 12:59:15 [INFO] DefRunner:   [fielding_basic/2020] 다음 페이지 그룹으로 이동...
2026-03-24 12:59:16 [INFO] DefRunner:   [fielding_basic/2020] 11페이지: 30행
2026-03-24 12:59:16 [INFO] DefRunner:   [fielding_basic/2020] 12페이지...
2026-03-24 12:59:16 [INFO] DefRunner:   [fielding_basic/2020] 13페이지...
2026-03-24 12:59:17 [INFO] DefRunner:   [fielding_basic/2020] 14페이지...
2026-03-24 12:59:18 [INFO] DefRunner:   [fielding_basic/2020] 15페이지...
2026-03-24 12:59:19 [INFO] DefRunner:   [fielding_basic/2020] 다음 페이지 그룹으로 이동...
2026-03-24 12:59:19 [INFO] DefRunner:   [fielding_basic/2020] 16페이지: 30행
2026-03-24 12:59:19 [INFO] DefRunner:   [fielding_basic/2020] 17페이지...
2026-03-24 12:59:20 [INFO] DefRunner:   [fielding_basic/2020] 18페이지...
2026-03-24 12:59:21 [INFO] DefRunner:   [fielding_basic/2020] 19페이지...
2026-03-24 12:59:22 [INFO] DefRunner:   [fielding_basic/2020] 20페이지...
2026-03-24 12:59:22 [INFO] DefRunner:   [fielding_basic/2020] 다음 페이지 그룹으로 이동...
2026-03-24 12:59:23 [INFO] DefRunner:   [fielding_basic/2020] 21페이지: 30행
2026-03-24 12:59:23 [INFO] DefRunner:   [fielding_basic/2020] 22페이지...
2026-03-24 12:59:24 [INFO] DefRunner:   [fielding_basic/2020] 23페이지...
2026-03-24 12:59:25 [INFO] DefRunner:   [fielding_basic/2020] 24페이지...
2026-03-24 12:59:26 [INFO] DefRunner:   [fielding_basic/2020] 25페이지...
2026-03-24 12:59:26 [INFO] DefRunner:   [fielding_basic/2020] 다음 페이지 그룹으로 이동...
2026-03-24 12:59:27 [INFO] DefRunner:   [fielding_basic/2020] 26페이지: 30행
2026-03-24 12:59:27 [INFO] DefRunner:   [fielding_basic/2020] 27페이지...
2026-03-24 12:59:28 [INFO] DefRunner:   [fielding_basic/2020] 28페이지...
2026-03-24 12:59:29 [INFO] DefRunner:   [fielding_basic/2020] 29페이지...
2026-03-24 12:59:29 [INFO] DefRunner:   [fielding_basic/2020] 30페이지...
2026-03-24 12:59:30 [INFO] DefRunner: [fielding_basic] 2020년 전체: 879행
2026-03-24 12:59:31 [INFO] data_parser: [fielding_basic] 데이터 정제 시작 (879개 행)
2026-03-24 12:59:31 [INFO] data_parser: [fielding_basic] 데이터 정제 완료 — 879행 × 19열, 숫자 컬럼 14개
2026-03-24 12:59:31 [INFO] SQLiteStorage: SQLite 저장 완료: kbo_fielding_basic_2020 (879행)
2026-03-24 12:59:31 [INFO] DefRunner: [fielding_basic] 2020년 완료: 879행 → kbo_fielding_basic_2020
2026-03-24 12:59:32 [INFO] DefRunner: [fielding_basic] 2021년 수집 시작
2026-03-24 12:59:32 [INFO] DefRunner: [fielding_basic] 2021년 1페이지: 30행
2026-03-24 12:59:32 [INFO] DefRunner:   [fielding_basic/2021] 2페이지...
2026-03-24 12:59:33 [INFO] DefRunner:   [fielding_basic/2021] 3페이지...
2026-03-24 12:59:34 [INFO] DefRunner:   [fielding_basic/2021] 4페이지...
2026-03-24 12:59:35 [INFO] DefRunner:   [fielding_basic/2021] 5페이지...
2026-03-24 12:59:35 [INFO] DefRunner:   [fielding_basic/2021] 다음 페이지 그룹으로 이동...
2026-03-24 12:59:36 [INFO] DefRunner:   [fielding_basic/2021] 6페이지: 30행
2026-03-24 12:59:36 [INFO] DefRunner:   [fielding_basic/2021] 7페이지...
2026-03-24 12:59:37 [INFO] DefRunner:   [fielding_basic/2021] 8페이지...
2026-03-24 12:59:38 [INFO] DefRunner:   [fielding_basic/2021] 9페이지...
2026-03-24 12:59:38 [INFO] DefRunner:   [fielding_basic/2021] 10페이지...
2026-03-24 12:59:39 [INFO] DefRunner:   [fielding_basic/2021] 다음 페이지 그룹으로 이동...
2026-03-24 12:59:40 [INFO] DefRunner:   [fielding_basic/2021] 11페이지: 30행
2026-03-24 12:59:40 [INFO] DefRunner:   [fielding_basic/2021] 12페이지...
2026-03-24 12:59:41 [INFO] DefRunner:   [fielding_basic/2021] 13페이지...
2026-03-24 12:59:42 [INFO] DefRunner:   [fielding_basic/2021] 14페이지...
2026-03-24 12:59:42 [INFO] DefRunner:   [fielding_basic/2021] 15페이지...
2026-03-24 12:59:43 [INFO] DefRunner:   [fielding_basic/2021] 다음 페이지 그룹으로 이동...
2026-03-24 12:59:44 [INFO] DefRunner:   [fielding_basic/2021] 16페이지: 30행
2026-03-24 12:59:44 [INFO] DefRunner:   [fielding_basic/2021] 17페이지...
2026-03-24 12:59:45 [INFO] DefRunner:   [fielding_basic/2021] 18페이지...
2026-03-24 12:59:45 [INFO] DefRunner:   [fielding_basic/2021] 19페이지...
2026-03-24 12:59:46 [INFO] DefRunner:   [fielding_basic/2021] 20페이지...
2026-03-24 12:59:47 [INFO] DefRunner:   [fielding_basic/2021] 다음 페이지 그룹으로 이동...
2026-03-24 12:59:48 [INFO] DefRunner:   [fielding_basic/2021] 21페이지: 30행
2026-03-24 12:59:48 [INFO] DefRunner:   [fielding_basic/2021] 22페이지...
2026-03-24 12:59:48 [INFO] DefRunner:   [fielding_basic/2021] 23페이지...
2026-03-24 12:59:49 [INFO] DefRunner:   [fielding_basic/2021] 24페이지...
2026-03-24 12:59:50 [INFO] DefRunner:   [fielding_basic/2021] 25페이지...
2026-03-24 12:59:51 [INFO] DefRunner:   [fielding_basic/2021] 다음 페이지 그룹으로 이동...
2026-03-24 12:59:51 [INFO] DefRunner:   [fielding_basic/2021] 26페이지: 30행
2026-03-24 12:59:51 [INFO] DefRunner:   [fielding_basic/2021] 27페이지...
2026-03-24 12:59:52 [INFO] DefRunner:   [fielding_basic/2021] 28페이지...
2026-03-24 12:59:53 [INFO] DefRunner:   [fielding_basic/2021] 29페이지...
2026-03-24 12:59:54 [INFO] DefRunner:   [fielding_basic/2021] 30페이지...
2026-03-24 12:59:55 [INFO] DefRunner:   [fielding_basic/2021] 다음 페이지 그룹으로 이동...
2026-03-24 12:59:55 [INFO] DefRunner:   [fielding_basic/2021] 31페이지: 10행
2026-03-24 12:59:55 [INFO] DefRunner: [fielding_basic] 2021년 전체: 910행
2026-03-24 12:59:56 [INFO] data_parser: [fielding_basic] 데이터 정제 시작 (910개 행)
2026-03-24 12:59:56 [INFO] data_parser: [fielding_basic] 데이터 정제 완료 — 910행 × 19열, 숫자 컬럼 14개
2026-03-24 12:59:56 [INFO] SQLiteStorage: SQLite 저장 완료: kbo_fielding_basic_2021 (910행)
2026-03-24 12:59:56 [INFO] DefRunner: [fielding_basic] 2021년 완료: 910행 → kbo_fielding_basic_2021
2026-03-24 12:59:57 [INFO] DefRunner: [fielding_basic] 2022년 수집 시작
2026-03-24 12:59:57 [INFO] DefRunner: [fielding_basic] 2022년 1페이지: 30행
2026-03-24 12:59:57 [INFO] DefRunner:   [fielding_basic/2022] 2페이지...
2026-03-24 12:59:58 [INFO] DefRunner:   [fielding_basic/2022] 3페이지...
2026-03-24 12:59:59 [INFO] DefRunner:   [fielding_basic/2022] 4페이지...
2026-03-24 13:00:00 [INFO] DefRunner:   [fielding_basic/2022] 5페이지...
2026-03-24 13:00:00 [INFO] DefRunner:   [fielding_basic/2022] 다음 페이지 그룹으로 이동...
2026-03-24 13:00:01 [INFO] DefRunner:   [fielding_basic/2022] 6페이지: 30행
2026-03-24 13:00:01 [INFO] DefRunner:   [fielding_basic/2022] 7페이지...
2026-03-24 13:00:02 [INFO] DefRunner:   [fielding_basic/2022] 8페이지...
2026-03-24 13:00:03 [INFO] DefRunner:   [fielding_basic/2022] 9페이지...
2026-03-24 13:00:04 [INFO] DefRunner:   [fielding_basic/2022] 10페이지...
2026-03-24 13:00:04 [INFO] DefRunner:   [fielding_basic/2022] 다음 페이지 그룹으로 이동...
2026-03-24 13:00:05 [INFO] DefRunner:   [fielding_basic/2022] 11페이지: 30행
2026-03-24 13:00:05 [INFO] DefRunner:   [fielding_basic/2022] 12페이지...
2026-03-24 13:00:06 [INFO] DefRunner:   [fielding_basic/2022] 13페이지...
2026-03-24 13:00:07 [INFO] DefRunner:   [fielding_basic/2022] 14페이지...
2026-03-24 13:00:07 [INFO] DefRunner:   [fielding_basic/2022] 15페이지...
2026-03-24 13:00:08 [INFO] DefRunner:   [fielding_basic/2022] 다음 페이지 그룹으로 이동...
2026-03-24 13:00:09 [INFO] DefRunner:   [fielding_basic/2022] 16페이지: 30행
2026-03-24 13:00:09 [INFO] DefRunner:   [fielding_basic/2022] 17페이지...
2026-03-24 13:00:09 [INFO] DefRunner:   [fielding_basic/2022] 18페이지...
2026-03-24 13:00:10 [INFO] DefRunner:   [fielding_basic/2022] 19페이지...
2026-03-24 13:00:11 [INFO] DefRunner:   [fielding_basic/2022] 20페이지...
2026-03-24 13:00:12 [INFO] DefRunner:   [fielding_basic/2022] 다음 페이지 그룹으로 이동...
2026-03-24 13:00:13 [INFO] DefRunner:   [fielding_basic/2022] 21페이지: 30행
2026-03-24 13:00:13 [INFO] DefRunner:   [fielding_basic/2022] 22페이지...
2026-03-24 13:00:13 [INFO] DefRunner:   [fielding_basic/2022] 23페이지...
2026-03-24 13:00:14 [INFO] DefRunner:   [fielding_basic/2022] 24페이지...
2026-03-24 13:00:15 [INFO] DefRunner:   [fielding_basic/2022] 25페이지...
2026-03-24 13:00:16 [INFO] DefRunner:   [fielding_basic/2022] 다음 페이지 그룹으로 이동...
2026-03-24 13:00:16 [INFO] DefRunner:   [fielding_basic/2022] 26페이지: 30행
2026-03-24 13:00:16 [INFO] DefRunner:   [fielding_basic/2022] 27페이지...
2026-03-24 13:00:17 [INFO] DefRunner:   [fielding_basic/2022] 28페이지...
2026-03-24 13:00:18 [INFO] DefRunner:   [fielding_basic/2022] 29페이지...
2026-03-24 13:00:19 [INFO] DefRunner: [fielding_basic] 2022년 전체: 860행
2026-03-24 13:00:19 [INFO] data_parser: [fielding_basic] 데이터 정제 시작 (860개 행)
2026-03-24 13:00:19 [INFO] data_parser: [fielding_basic] 데이터 정제 완료 — 860행 × 19열, 숫자 컬럼 14개
2026-03-24 13:00:19 [INFO] SQLiteStorage: SQLite 저장 완료: kbo_fielding_basic_2022 (860행)
2026-03-24 13:00:19 [INFO] DefRunner: [fielding_basic] 2022년 완료: 860행 → kbo_fielding_basic_2022
2026-03-24 13:00:20 [INFO] DefRunner: [fielding_basic] 2023년 수집 시작
2026-03-24 13:00:21 [INFO] DefRunner: [fielding_basic] 2023년 1페이지: 30행
2026-03-24 13:00:21 [INFO] DefRunner:   [fielding_basic/2023] 2페이지...
2026-03-24 13:00:21 [INFO] DefRunner:   [fielding_basic/2023] 3페이지...
2026-03-24 13:00:22 [INFO] DefRunner:   [fielding_basic/2023] 4페이지...
2026-03-24 13:00:23 [INFO] DefRunner:   [fielding_basic/2023] 5페이지...
2026-03-24 13:00:24 [INFO] DefRunner:   [fielding_basic/2023] 다음 페이지 그룹으로 이동...
2026-03-24 13:00:25 [INFO] DefRunner:   [fielding_basic/2023] 6페이지: 30행
2026-03-24 13:00:25 [INFO] DefRunner:   [fielding_basic/2023] 7페이지...
2026-03-24 13:00:25 [INFO] DefRunner:   [fielding_basic/2023] 8페이지...
2026-03-24 13:00:26 [INFO] DefRunner:   [fielding_basic/2023] 9페이지...
2026-03-24 13:00:27 [INFO] DefRunner:   [fielding_basic/2023] 10페이지...
2026-03-24 13:00:28 [INFO] DefRunner:   [fielding_basic/2023] 다음 페이지 그룹으로 이동...
2026-03-24 13:00:28 [INFO] DefRunner:   [fielding_basic/2023] 11페이지: 30행
2026-03-24 13:00:28 [INFO] DefRunner:   [fielding_basic/2023] 12페이지...
2026-03-24 13:00:29 [INFO] DefRunner:   [fielding_basic/2023] 13페이지...
2026-03-24 13:00:30 [INFO] DefRunner:   [fielding_basic/2023] 14페이지...
2026-03-24 13:00:31 [INFO] DefRunner:   [fielding_basic/2023] 15페이지...
2026-03-24 13:00:31 [INFO] DefRunner:   [fielding_basic/2023] 다음 페이지 그룹으로 이동...
2026-03-24 13:00:32 [INFO] DefRunner:   [fielding_basic/2023] 16페이지: 30행
2026-03-24 13:00:32 [INFO] DefRunner:   [fielding_basic/2023] 17페이지...
2026-03-24 13:00:33 [INFO] DefRunner:   [fielding_basic/2023] 18페이지...
2026-03-24 13:00:34 [INFO] DefRunner:   [fielding_basic/2023] 19페이지...
2026-03-24 13:00:34 [INFO] DefRunner:   [fielding_basic/2023] 20페이지...
2026-03-24 13:00:35 [INFO] DefRunner:   [fielding_basic/2023] 다음 페이지 그룹으로 이동...
2026-03-24 13:00:36 [INFO] DefRunner:   [fielding_basic/2023] 21페이지: 30행
2026-03-24 13:00:36 [INFO] DefRunner:   [fielding_basic/2023] 22페이지...
2026-03-24 13:00:37 [INFO] DefRunner:   [fielding_basic/2023] 23페이지...
2026-03-24 13:00:37 [INFO] DefRunner:   [fielding_basic/2023] 24페이지...
2026-03-24 13:00:38 [INFO] DefRunner:   [fielding_basic/2023] 25페이지...
2026-03-24 13:00:39 [INFO] DefRunner:   [fielding_basic/2023] 다음 페이지 그룹으로 이동...
2026-03-24 13:00:40 [INFO] DefRunner:   [fielding_basic/2023] 26페이지: 30행
2026-03-24 13:00:40 [INFO] DefRunner:   [fielding_basic/2023] 27페이지...
2026-03-24 13:00:40 [INFO] DefRunner:   [fielding_basic/2023] 28페이지...
2026-03-24 13:00:41 [INFO] DefRunner:   [fielding_basic/2023] 29페이지...
2026-03-24 13:00:42 [INFO] DefRunner:   [fielding_basic/2023] 30페이지...
2026-03-24 13:00:43 [INFO] DefRunner: [fielding_basic] 2023년 전체: 895행
2026-03-24 13:00:43 [INFO] data_parser: [fielding_basic] 데이터 정제 시작 (895개 행)
2026-03-24 13:00:44 [INFO] data_parser: [fielding_basic] 데이터 정제 완료 — 895행 × 19열, 숫자 컬럼 14개
2026-03-24 13:00:44 [INFO] SQLiteStorage: SQLite 저장 완료: kbo_fielding_basic_2023 (895행)
2026-03-24 13:00:44 [INFO] DefRunner: [fielding_basic] 2023년 완료: 895행 → kbo_fielding_basic_2023
2026-03-24 13:00:45 [INFO] DefRunner: [fielding_basic] 2024년 수집 시작
2026-03-24 13:00:45 [INFO] DefRunner: [fielding_basic] 2024년 1페이지: 30행
2026-03-24 13:00:45 [INFO] DefRunner:   [fielding_basic/2024] 2페이지...
2026-03-24 13:00:46 [INFO] DefRunner:   [fielding_basic/2024] 3페이지...
2026-03-24 13:00:47 [INFO] DefRunner:   [fielding_basic/2024] 4페이지...
2026-03-24 13:00:47 [INFO] DefRunner:   [fielding_basic/2024] 5페이지...
2026-03-24 13:00:48 [INFO] DefRunner:   [fielding_basic/2024] 다음 페이지 그룹으로 이동...
2026-03-24 13:00:49 [INFO] DefRunner:   [fielding_basic/2024] 6페이지: 30행
2026-03-24 13:00:49 [INFO] DefRunner:   [fielding_basic/2024] 7페이지...
2026-03-24 13:00:50 [INFO] DefRunner:   [fielding_basic/2024] 8페이지...
2026-03-24 13:00:50 [INFO] DefRunner:   [fielding_basic/2024] 9페이지...
2026-03-24 13:00:51 [INFO] DefRunner:   [fielding_basic/2024] 10페이지...
2026-03-24 13:00:52 [INFO] DefRunner:   [fielding_basic/2024] 다음 페이지 그룹으로 이동...
2026-03-24 13:00:53 [INFO] DefRunner:   [fielding_basic/2024] 11페이지: 30행
2026-03-24 13:00:53 [INFO] DefRunner:   [fielding_basic/2024] 12페이지...
2026-03-24 13:00:53 [INFO] DefRunner:   [fielding_basic/2024] 13페이지...
2026-03-24 13:00:54 [INFO] DefRunner:   [fielding_basic/2024] 14페이지...
2026-03-24 13:00:55 [INFO] DefRunner:   [fielding_basic/2024] 15페이지...
2026-03-24 13:00:56 [INFO] DefRunner:   [fielding_basic/2024] 다음 페이지 그룹으로 이동...
2026-03-24 13:00:56 [INFO] DefRunner:   [fielding_basic/2024] 16페이지: 30행
2026-03-24 13:00:56 [INFO] DefRunner:   [fielding_basic/2024] 17페이지...
2026-03-24 13:00:57 [INFO] DefRunner:   [fielding_basic/2024] 18페이지...
2026-03-24 13:00:58 [INFO] DefRunner:   [fielding_basic/2024] 19페이지...
2026-03-24 13:00:59 [INFO] DefRunner:   [fielding_basic/2024] 20페이지...
2026-03-24 13:00:59 [INFO] DefRunner:   [fielding_basic/2024] 다음 페이지 그룹으로 이동...
2026-03-24 13:01:00 [INFO] DefRunner:   [fielding_basic/2024] 21페이지: 30행
2026-03-24 13:01:00 [INFO] DefRunner:   [fielding_basic/2024] 22페이지...
2026-03-24 13:01:01 [INFO] DefRunner:   [fielding_basic/2024] 23페이지...
2026-03-24 13:01:02 [INFO] DefRunner:   [fielding_basic/2024] 24페이지...
2026-03-24 13:01:02 [INFO] DefRunner:   [fielding_basic/2024] 25페이지...
2026-03-24 13:01:03 [INFO] DefRunner:   [fielding_basic/2024] 다음 페이지 그룹으로 이동...
2026-03-24 13:01:04 [INFO] DefRunner:   [fielding_basic/2024] 26페이지: 30행
2026-03-24 13:01:04 [INFO] DefRunner:   [fielding_basic/2024] 27페이지...
2026-03-24 13:01:05 [INFO] DefRunner:   [fielding_basic/2024] 28페이지...
2026-03-24 13:01:05 [INFO] DefRunner:   [fielding_basic/2024] 29페이지...
2026-03-24 13:01:06 [INFO] DefRunner:   [fielding_basic/2024] 30페이지...
2026-03-24 13:01:07 [INFO] DefRunner:   [fielding_basic/2024] 다음 페이지 그룹으로 이동...
2026-03-24 13:01:08 [INFO] DefRunner:   [fielding_basic/2024] 31페이지: 4행
2026-03-24 13:01:08 [INFO] DefRunner: [fielding_basic] 2024년 전체: 904행
2026-03-24 13:01:08 [INFO] data_parser: [fielding_basic] 데이터 정제 시작 (904개 행)
2026-03-24 13:01:08 [INFO] data_parser: [fielding_basic] 데이터 정제 완료 — 904행 × 19열, 숫자 컬럼 14개
2026-03-24 13:01:08 [INFO] SQLiteStorage: SQLite 저장 완료: kbo_fielding_basic_2024 (904행)
2026-03-24 13:01:08 [INFO] DefRunner: [fielding_basic] 2024년 완료: 904행 → kbo_fielding_basic_2024
2026-03-24 13:01:09 [INFO] DefRunner: 
[fielding_basic] 결과: 성공 24, 실패 0
2026-03-24 13:01:09 [INFO] DefRunner: ==================================================
2026-03-24 13:01:09 [INFO] DefRunner: runner_basic — 주루 기본 기록
2026-03-24 13:01:09 [INFO] DefRunner: 전체: 24개 연도 (2001~2024)
2026-03-24 13:01:09 [INFO] DefRunner: 건너뜀: 0개 (이미 DB에 있음)
2026-03-24 13:01:09 [INFO] DefRunner: 크롤링: 24개
2026-03-24 13:01:09 [INFO] DefRunner: ==================================================
2026-03-24 13:01:09 [INFO] DefRunner: [runner_basic] 2001년 수집 시작
2026-03-24 13:01:10 [INFO] DefRunner: [runner_basic] 2001년 1페이지: 30행
2026-03-24 13:01:10 [INFO] DefRunner:   [runner_basic/2001] 2페이지...
2026-03-24 13:01:10 [INFO] DefRunner:   [runner_basic/2001] 3페이지...
2026-03-24 13:01:11 [INFO] DefRunner:   [runner_basic/2001] 4페이지...
2026-03-24 13:01:11 [INFO] DefRunner:   [runner_basic/2001] 5페이지...
2026-03-24 13:01:12 [INFO] DefRunner:   [runner_basic/2001] 다음 페이지 그룹으로 이동...
2026-03-24 13:01:12 [INFO] DefRunner:   [runner_basic/2001] 6페이지: 30행
2026-03-24 13:01:12 [INFO] DefRunner:   [runner_basic/2001] 7페이지...
2026-03-24 13:01:13 [INFO] DefRunner:   [runner_basic/2001] 8페이지...
2026-03-24 13:01:14 [INFO] DefRunner:   [runner_basic/2001] 9페이지...
2026-03-24 13:01:14 [INFO] DefRunner: [runner_basic] 2001년 전체: 267행
2026-03-24 13:01:15 [INFO] data_parser: [runner_basic] 데이터 정제 시작 (267개 행)
2026-03-24 13:01:15 [INFO] data_parser: [runner_basic] 데이터 정제 완료 — 267행 × 12열, 숫자 컬럼 9개
2026-03-24 13:01:15 [INFO] SQLiteStorage: SQLite 저장 완료: kbo_runner_basic_2001 (267행)
2026-03-24 13:01:15 [INFO] DefRunner: [runner_basic] 2001년 완료: 267행 → kbo_runner_basic_2001
2026-03-24 13:01:16 [INFO] DefRunner: [runner_basic] 2002년 수집 시작
2026-03-24 13:01:16 [INFO] DefRunner: [runner_basic] 2002년 1페이지: 30행
2026-03-24 13:01:16 [INFO] DefRunner:   [runner_basic/2002] 2페이지...
2026-03-24 13:01:16 [INFO] DefRunner:   [runner_basic/2002] 3페이지...
2026-03-24 13:01:17 [INFO] DefRunner:   [runner_basic/2002] 4페이지...
2026-03-24 13:01:18 [INFO] DefRunner:   [runner_basic/2002] 5페이지...
2026-03-24 13:01:18 [INFO] DefRunner:   [runner_basic/2002] 다음 페이지 그룹으로 이동...
2026-03-24 13:01:19 [INFO] DefRunner:   [runner_basic/2002] 6페이지: 30행
2026-03-24 13:01:19 [INFO] DefRunner:   [runner_basic/2002] 7페이지...
2026-03-24 13:01:19 [INFO] DefRunner:   [runner_basic/2002] 8페이지...
2026-03-24 13:01:20 [INFO] DefRunner:   [runner_basic/2002] 9페이지...
2026-03-24 13:01:20 [INFO] DefRunner: [runner_basic] 2002년 전체: 267행
2026-03-24 13:01:21 [INFO] data_parser: [runner_basic] 데이터 정제 시작 (267개 행)
2026-03-24 13:01:21 [INFO] data_parser: [runner_basic] 데이터 정제 완료 — 267행 × 12열, 숫자 컬럼 9개
2026-03-24 13:01:21 [INFO] SQLiteStorage: SQLite 저장 완료: kbo_runner_basic_2002 (267행)
2026-03-24 13:01:21 [INFO] DefRunner: [runner_basic] 2002년 완료: 267행 → kbo_runner_basic_2002
2026-03-24 13:01:22 [INFO] DefRunner: [runner_basic] 2003년 수집 시작
2026-03-24 13:01:22 [INFO] DefRunner: [runner_basic] 2003년 1페이지: 30행
2026-03-24 13:01:22 [INFO] DefRunner:   [runner_basic/2003] 2페이지...
2026-03-24 13:01:23 [INFO] DefRunner:   [runner_basic/2003] 3페이지...
2026-03-24 13:01:23 [INFO] DefRunner:   [runner_basic/2003] 4페이지...
2026-03-24 13:01:24 [INFO] DefRunner:   [runner_basic/2003] 5페이지...
2026-03-24 13:01:24 [INFO] DefRunner:   [runner_basic/2003] 다음 페이지 그룹으로 이동...
2026-03-24 13:01:25 [INFO] DefRunner:   [runner_basic/2003] 6페이지: 30행
2026-03-24 13:01:25 [INFO] DefRunner:   [runner_basic/2003] 7페이지...
2026-03-24 13:01:26 [INFO] DefRunner:   [runner_basic/2003] 8페이지...
2026-03-24 13:01:26 [INFO] DefRunner:   [runner_basic/2003] 9페이지...
2026-03-24 13:01:27 [INFO] DefRunner:   [runner_basic/2003] 10페이지...
2026-03-24 13:01:27 [INFO] DefRunner: [runner_basic] 2003년 전체: 275행
2026-03-24 13:01:28 [INFO] data_parser: [runner_basic] 데이터 정제 시작 (275개 행)
2026-03-24 13:01:28 [INFO] data_parser: [runner_basic] 데이터 정제 완료 — 275행 × 12열, 숫자 컬럼 9개
2026-03-24 13:01:28 [INFO] SQLiteStorage: SQLite 저장 완료: kbo_runner_basic_2003 (275행)
2026-03-24 13:01:28 [INFO] DefRunner: [runner_basic] 2003년 완료: 275행 → kbo_runner_basic_2003
2026-03-24 13:01:29 [INFO] DefRunner: [runner_basic] 2004년 수집 시작
2026-03-24 13:01:29 [INFO] DefRunner: [runner_basic] 2004년 1페이지: 30행
2026-03-24 13:01:29 [INFO] DefRunner:   [runner_basic/2004] 2페이지...
2026-03-24 13:01:30 [INFO] DefRunner:   [runner_basic/2004] 3페이지...
2026-03-24 13:01:30 [INFO] DefRunner:   [runner_basic/2004] 4페이지...
2026-03-24 13:01:31 [INFO] DefRunner:   [runner_basic/2004] 5페이지...
2026-03-24 13:01:31 [INFO] DefRunner:   [runner_basic/2004] 다음 페이지 그룹으로 이동...
2026-03-24 13:01:32 [INFO] DefRunner:   [runner_basic/2004] 6페이지: 30행
2026-03-24 13:01:32 [INFO] DefRunner:   [runner_basic/2004] 7페이지...
2026-03-24 13:01:32 [INFO] DefRunner:   [runner_basic/2004] 8페이지...
2026-03-24 13:01:33 [INFO] DefRunner:   [runner_basic/2004] 9페이지...
2026-03-24 13:01:34 [INFO] DefRunner:   [runner_basic/2004] 10페이지...
2026-03-24 13:01:34 [INFO] DefRunner:   [runner_basic/2004] 다음 페이지 그룹으로 이동...
2026-03-24 13:01:35 [INFO] DefRunner:   [runner_basic/2004] 11페이지: 4행
2026-03-24 13:01:35 [INFO] DefRunner: [runner_basic] 2004년 전체: 304행
2026-03-24 13:01:35 [INFO] data_parser: [runner_basic] 데이터 정제 시작 (304개 행)
2026-03-24 13:01:35 [INFO] data_parser: [runner_basic] 데이터 정제 완료 — 304행 × 12열, 숫자 컬럼 9개
2026-03-24 13:01:35 [INFO] SQLiteStorage: SQLite 저장 완료: kbo_runner_basic_2004 (304행)
2026-03-24 13:01:35 [INFO] DefRunner: [runner_basic] 2004년 완료: 304행 → kbo_runner_basic_2004
2026-03-24 13:01:36 [INFO] DefRunner: [runner_basic] 2005년 수집 시작
2026-03-24 13:01:37 [INFO] DefRunner: [runner_basic] 2005년 1페이지: 30행
2026-03-24 13:01:37 [INFO] DefRunner:   [runner_basic/2005] 2페이지...
2026-03-24 13:01:37 [INFO] DefRunner:   [runner_basic/2005] 3페이지...
2026-03-24 13:01:38 [INFO] DefRunner:   [runner_basic/2005] 4페이지...
2026-03-24 13:01:38 [INFO] DefRunner:   [runner_basic/2005] 5페이지...
2026-03-24 13:01:39 [INFO] DefRunner:   [runner_basic/2005] 다음 페이지 그룹으로 이동...
2026-03-24 13:01:39 [INFO] DefRunner:   [runner_basic/2005] 6페이지: 30행
2026-03-24 13:01:39 [INFO] DefRunner:   [runner_basic/2005] 7페이지...
2026-03-24 13:01:40 [INFO] DefRunner:   [runner_basic/2005] 8페이지...
2026-03-24 13:01:41 [INFO] DefRunner:   [runner_basic/2005] 9페이지...
2026-03-24 13:01:41 [INFO] DefRunner:   [runner_basic/2005] 10페이지...
2026-03-24 13:01:42 [INFO] DefRunner: [runner_basic] 2005년 전체: 273행
2026-03-24 13:01:42 [INFO] data_parser: [runner_basic] 데이터 정제 시작 (273개 행)
2026-03-24 13:01:42 [INFO] data_parser: [runner_basic] 데이터 정제 완료 — 273행 × 12열, 숫자 컬럼 9개
2026-03-24 13:01:42 [INFO] SQLiteStorage: SQLite 저장 완료: kbo_runner_basic_2005 (273행)
2026-03-24 13:01:42 [INFO] DefRunner: [runner_basic] 2005년 완료: 273행 → kbo_runner_basic_2005
2026-03-24 13:01:43 [INFO] DefRunner: [runner_basic] 2006년 수집 시작
2026-03-24 13:01:43 [INFO] DefRunner: [runner_basic] 2006년 1페이지: 30행
2026-03-24 13:01:43 [INFO] DefRunner:   [runner_basic/2006] 2페이지...
2026-03-24 13:01:44 [INFO] DefRunner:   [runner_basic/2006] 3페이지...
2026-03-24 13:01:44 [INFO] DefRunner:   [runner_basic/2006] 4페이지...
2026-03-24 13:01:45 [INFO] DefRunner:   [runner_basic/2006] 5페이지...
2026-03-24 13:01:46 [INFO] DefRunner:   [runner_basic/2006] 다음 페이지 그룹으로 이동...
2026-03-24 13:01:46 [INFO] DefRunner:   [runner_basic/2006] 6페이지: 30행
2026-03-24 13:01:46 [INFO] DefRunner:   [runner_basic/2006] 7페이지...
2026-03-24 13:01:47 [INFO] DefRunner:   [runner_basic/2006] 8페이지...
2026-03-24 13:01:47 [INFO] DefRunner:   [runner_basic/2006] 9페이지...
2026-03-24 13:01:48 [INFO] DefRunner: [runner_basic] 2006년 전체: 263행
2026-03-24 13:01:48 [INFO] data_parser: [runner_basic] 데이터 정제 시작 (263개 행)
2026-03-24 13:01:48 [INFO] data_parser: [runner_basic] 데이터 정제 완료 — 263행 × 12열, 숫자 컬럼 9개
2026-03-24 13:01:48 [INFO] SQLiteStorage: SQLite 저장 완료: kbo_runner_basic_2006 (263행)
2026-03-24 13:01:48 [INFO] DefRunner: [runner_basic] 2006년 완료: 263행 → kbo_runner_basic_2006
2026-03-24 13:01:49 [INFO] DefRunner: [runner_basic] 2007년 수집 시작
2026-03-24 13:01:50 [INFO] DefRunner: [runner_basic] 2007년 1페이지: 30행
2026-03-24 13:01:50 [INFO] DefRunner:   [runner_basic/2007] 2페이지...
2026-03-24 13:01:50 [INFO] DefRunner:   [runner_basic/2007] 3페이지...
2026-03-24 13:01:51 [INFO] DefRunner:   [runner_basic/2007] 4페이지...
2026-03-24 13:01:51 [INFO] DefRunner:   [runner_basic/2007] 5페이지...
2026-03-24 13:01:52 [INFO] DefRunner:   [runner_basic/2007] 다음 페이지 그룹으로 이동...
2026-03-24 13:01:52 [INFO] DefRunner:   [runner_basic/2007] 6페이지: 30행
2026-03-24 13:01:52 [INFO] DefRunner:   [runner_basic/2007] 7페이지...
2026-03-24 13:01:53 [INFO] DefRunner:   [runner_basic/2007] 8페이지...
2026-03-24 13:01:54 [INFO] DefRunner:   [runner_basic/2007] 9페이지...
2026-03-24 13:01:54 [INFO] DefRunner:   [runner_basic/2007] 10페이지...
2026-03-24 13:01:55 [INFO] DefRunner: [runner_basic] 2007년 전체: 275행
2026-03-24 13:01:55 [INFO] data_parser: [runner_basic] 데이터 정제 시작 (275개 행)
2026-03-24 13:01:55 [INFO] data_parser: [runner_basic] 데이터 정제 완료 — 275행 × 12열, 숫자 컬럼 9개
2026-03-24 13:01:55 [INFO] SQLiteStorage: SQLite 저장 완료: kbo_runner_basic_2007 (275행)
2026-03-24 13:01:55 [INFO] DefRunner: [runner_basic] 2007년 완료: 275행 → kbo_runner_basic_2007
2026-03-24 13:01:56 [INFO] DefRunner: [runner_basic] 2008년 수집 시작
2026-03-24 13:01:56 [INFO] DefRunner: [runner_basic] 2008년 1페이지: 30행
2026-03-24 13:01:56 [INFO] DefRunner:   [runner_basic/2008] 2페이지...
2026-03-24 13:01:57 [INFO] DefRunner:   [runner_basic/2008] 3페이지...
2026-03-24 13:01:58 [INFO] DefRunner:   [runner_basic/2008] 4페이지...
2026-03-24 13:01:58 [INFO] DefRunner:   [runner_basic/2008] 5페이지...
2026-03-24 13:01:59 [INFO] DefRunner:   [runner_basic/2008] 다음 페이지 그룹으로 이동...
2026-03-24 13:01:59 [INFO] DefRunner:   [runner_basic/2008] 6페이지: 30행
2026-03-24 13:01:59 [INFO] DefRunner:   [runner_basic/2008] 7페이지...
2026-03-24 13:02:00 [INFO] DefRunner:   [runner_basic/2008] 8페이지...
2026-03-24 13:02:00 [INFO] DefRunner:   [runner_basic/2008] 9페이지...
2026-03-24 13:02:01 [INFO] DefRunner:   [runner_basic/2008] 10페이지...
2026-03-24 13:02:01 [INFO] DefRunner: [runner_basic] 2008년 전체: 278행
2026-03-24 13:02:02 [INFO] data_parser: [runner_basic] 데이터 정제 시작 (278개 행)
2026-03-24 13:02:02 [INFO] data_parser: [runner_basic] 데이터 정제 완료 — 278행 × 12열, 숫자 컬럼 9개
2026-03-24 13:02:02 [INFO] SQLiteStorage: SQLite 저장 완료: kbo_runner_basic_2008 (278행)
2026-03-24 13:02:02 [INFO] DefRunner: [runner_basic] 2008년 완료: 278행 → kbo_runner_basic_2008
2026-03-24 13:02:03 [INFO] DefRunner: [runner_basic] 2009년 수집 시작
2026-03-24 13:02:03 [INFO] DefRunner: [runner_basic] 2009년 1페이지: 30행
2026-03-24 13:02:03 [INFO] DefRunner:   [runner_basic/2009] 2페이지...
2026-03-24 13:02:04 [INFO] DefRunner:   [runner_basic/2009] 3페이지...
2026-03-24 13:02:04 [INFO] DefRunner:   [runner_basic/2009] 4페이지...
2026-03-24 13:02:05 [INFO] DefRunner:   [runner_basic/2009] 5페이지...
2026-03-24 13:02:06 [INFO] DefRunner:   [runner_basic/2009] 다음 페이지 그룹으로 이동...
2026-03-24 13:02:06 [INFO] DefRunner:   [runner_basic/2009] 6페이지: 30행
2026-03-24 13:02:06 [INFO] DefRunner:   [runner_basic/2009] 7페이지...
2026-03-24 13:02:07 [INFO] DefRunner:   [runner_basic/2009] 8페이지...
2026-03-24 13:02:07 [INFO] DefRunner:   [runner_basic/2009] 9페이지...
2026-03-24 13:02:08 [INFO] DefRunner:   [runner_basic/2009] 10페이지...
2026-03-24 13:02:08 [INFO] DefRunner: [runner_basic] 2009년 전체: 278행
2026-03-24 13:02:09 [INFO] data_parser: [runner_basic] 데이터 정제 시작 (278개 행)
2026-03-24 13:02:09 [INFO] data_parser: [runner_basic] 데이터 정제 완료 — 278행 × 12열, 숫자 컬럼 9개
2026-03-24 13:02:09 [INFO] SQLiteStorage: SQLite 저장 완료: kbo_runner_basic_2009 (278행)
2026-03-24 13:02:09 [INFO] DefRunner: [runner_basic] 2009년 완료: 278행 → kbo_runner_basic_2009
2026-03-24 13:02:10 [INFO] DefRunner: [runner_basic] 2010년 수집 시작
2026-03-24 13:02:10 [INFO] DefRunner: [runner_basic] 2010년 1페이지: 30행
2026-03-24 13:02:10 [INFO] DefRunner:   [runner_basic/2010] 2페이지...
2026-03-24 13:02:11 [INFO] DefRunner:   [runner_basic/2010] 3페이지...
2026-03-24 13:02:11 [INFO] DefRunner:   [runner_basic/2010] 4페이지...
2026-03-24 13:02:12 [INFO] DefRunner:   [runner_basic/2010] 5페이지...
2026-03-24 13:02:12 [INFO] DefRunner:   [runner_basic/2010] 다음 페이지 그룹으로 이동...
2026-03-24 13:02:13 [INFO] DefRunner:   [runner_basic/2010] 6페이지: 30행
2026-03-24 13:02:13 [INFO] DefRunner:   [runner_basic/2010] 7페이지...
2026-03-24 13:02:13 [INFO] DefRunner:   [runner_basic/2010] 8페이지...
2026-03-24 13:02:14 [INFO] DefRunner:   [runner_basic/2010] 9페이지...
2026-03-24 13:02:15 [INFO] DefRunner: [runner_basic] 2010년 전체: 269행
2026-03-24 13:02:15 [INFO] data_parser: [runner_basic] 데이터 정제 시작 (269개 행)
2026-03-24 13:02:15 [INFO] data_parser: [runner_basic] 데이터 정제 완료 — 269행 × 12열, 숫자 컬럼 9개
2026-03-24 13:02:15 [INFO] SQLiteStorage: SQLite 저장 완료: kbo_runner_basic_2010 (269행)
2026-03-24 13:02:15 [INFO] DefRunner: [runner_basic] 2010년 완료: 269행 → kbo_runner_basic_2010
2026-03-24 13:02:16 [INFO] DefRunner: [runner_basic] 2011년 수집 시작
2026-03-24 13:02:16 [INFO] DefRunner: [runner_basic] 2011년 1페이지: 30행
2026-03-24 13:02:16 [INFO] DefRunner:   [runner_basic/2011] 2페이지...
2026-03-24 13:02:17 [INFO] DefRunner:   [runner_basic/2011] 3페이지...
2026-03-24 13:02:17 [INFO] DefRunner:   [runner_basic/2011] 4페이지...
2026-03-24 13:02:18 [INFO] DefRunner:   [runner_basic/2011] 5페이지...
2026-03-24 13:02:19 [INFO] DefRunner:   [runner_basic/2011] 다음 페이지 그룹으로 이동...
2026-03-24 13:02:19 [INFO] DefRunner:   [runner_basic/2011] 6페이지: 30행
2026-03-24 13:02:19 [INFO] DefRunner:   [runner_basic/2011] 7페이지...
2026-03-24 13:02:20 [INFO] DefRunner:   [runner_basic/2011] 8페이지...
2026-03-24 13:02:20 [INFO] DefRunner:   [runner_basic/2011] 9페이지...
2026-03-24 13:02:21 [INFO] DefRunner: [runner_basic] 2011년 전체: 263행
2026-03-24 13:02:21 [INFO] data_parser: [runner_basic] 데이터 정제 시작 (263개 행)
2026-03-24 13:02:21 [INFO] data_parser: [runner_basic] 데이터 정제 완료 — 263행 × 12열, 숫자 컬럼 9개
2026-03-24 13:02:21 [INFO] SQLiteStorage: SQLite 저장 완료: kbo_runner_basic_2011 (263행)
2026-03-24 13:02:21 [INFO] DefRunner: [runner_basic] 2011년 완료: 263행 → kbo_runner_basic_2011
2026-03-24 13:02:22 [INFO] DefRunner: [runner_basic] 2012년 수집 시작
2026-03-24 13:02:23 [INFO] DefRunner: [runner_basic] 2012년 1페이지: 30행
2026-03-24 13:02:23 [INFO] DefRunner:   [runner_basic/2012] 2페이지...
2026-03-24 13:02:23 [INFO] DefRunner:   [runner_basic/2012] 3페이지...
2026-03-24 13:02:24 [INFO] DefRunner:   [runner_basic/2012] 4페이지...
2026-03-24 13:02:24 [INFO] DefRunner:   [runner_basic/2012] 5페이지...
2026-03-24 13:02:25 [INFO] DefRunner:   [runner_basic/2012] 다음 페이지 그룹으로 이동...
2026-03-24 13:02:25 [INFO] DefRunner:   [runner_basic/2012] 6페이지: 30행
2026-03-24 13:02:25 [INFO] DefRunner:   [runner_basic/2012] 7페이지...
2026-03-24 13:02:26 [INFO] DefRunner:   [runner_basic/2012] 8페이지...
2026-03-24 13:02:27 [INFO] DefRunner:   [runner_basic/2012] 9페이지...
2026-03-24 13:02:27 [INFO] DefRunner:   [runner_basic/2012] 10페이지...
2026-03-24 13:02:28 [INFO] DefRunner: [runner_basic] 2012년 전체: 284행
2026-03-24 13:02:28 [INFO] data_parser: [runner_basic] 데이터 정제 시작 (284개 행)
2026-03-24 13:02:28 [INFO] data_parser: [runner_basic] 데이터 정제 완료 — 284행 × 12열, 숫자 컬럼 9개
2026-03-24 13:02:28 [INFO] SQLiteStorage: SQLite 저장 완료: kbo_runner_basic_2012 (284행)
2026-03-24 13:02:28 [INFO] DefRunner: [runner_basic] 2012년 완료: 284행 → kbo_runner_basic_2012
2026-03-24 13:02:29 [INFO] DefRunner: [runner_basic] 2013년 수집 시작
2026-03-24 13:02:29 [INFO] DefRunner: [runner_basic] 2013년 1페이지: 30행
2026-03-24 13:02:29 [INFO] DefRunner:   [runner_basic/2013] 2페이지...
2026-03-24 13:02:30 [INFO] DefRunner:   [runner_basic/2013] 3페이지...
2026-03-24 13:02:31 [INFO] DefRunner:   [runner_basic/2013] 4페이지...
2026-03-24 13:02:31 [INFO] DefRunner:   [runner_basic/2013] 5페이지...
2026-03-24 13:02:32 [INFO] DefRunner:   [runner_basic/2013] 다음 페이지 그룹으로 이동...
2026-03-24 13:02:32 [INFO] DefRunner:   [runner_basic/2013] 6페이지: 30행
2026-03-24 13:02:32 [INFO] DefRunner:   [runner_basic/2013] 7페이지...
2026-03-24 13:02:33 [INFO] DefRunner:   [runner_basic/2013] 8페이지...
2026-03-24 13:02:33 [INFO] DefRunner:   [runner_basic/2013] 9페이지...
2026-03-24 13:02:34 [INFO] DefRunner:   [runner_basic/2013] 10페이지...
2026-03-24 13:02:34 [INFO] DefRunner:   [runner_basic/2013] 다음 페이지 그룹으로 이동...
2026-03-24 13:02:35 [INFO] DefRunner:   [runner_basic/2013] 11페이지: 10행
2026-03-24 13:02:35 [INFO] DefRunner: [runner_basic] 2013년 전체: 310행
2026-03-24 13:02:36 [INFO] data_parser: [runner_basic] 데이터 정제 시작 (310개 행)
2026-03-24 13:02:36 [INFO] data_parser: [runner_basic] 데이터 정제 완료 — 310행 × 12열, 숫자 컬럼 9개
2026-03-24 13:02:36 [INFO] SQLiteStorage: SQLite 저장 완료: kbo_runner_basic_2013 (310행)
2026-03-24 13:02:36 [INFO] DefRunner: [runner_basic] 2013년 완료: 310행 → kbo_runner_basic_2013
2026-03-24 13:02:37 [INFO] DefRunner: [runner_basic] 2014년 수집 시작
2026-03-24 13:02:37 [INFO] DefRunner: [runner_basic] 2014년 1페이지: 30행
2026-03-24 13:02:37 [INFO] DefRunner:   [runner_basic/2014] 2페이지...
2026-03-24 13:02:37 [INFO] DefRunner:   [runner_basic/2014] 3페이지...
2026-03-24 13:02:38 [INFO] DefRunner:   [runner_basic/2014] 4페이지...
2026-03-24 13:02:38 [INFO] DefRunner:   [runner_basic/2014] 5페이지...
2026-03-24 13:02:39 [INFO] DefRunner:   [runner_basic/2014] 다음 페이지 그룹으로 이동...
2026-03-24 13:02:40 [INFO] DefRunner:   [runner_basic/2014] 6페이지: 30행
2026-03-24 13:02:40 [INFO] DefRunner:   [runner_basic/2014] 7페이지...
2026-03-24 13:02:40 [INFO] DefRunner:   [runner_basic/2014] 8페이지...
2026-03-24 13:02:41 [INFO] DefRunner:   [runner_basic/2014] 9페이지...
2026-03-24 13:02:41 [INFO] DefRunner:   [runner_basic/2014] 10페이지...
2026-03-24 13:02:42 [INFO] DefRunner:   [runner_basic/2014] 다음 페이지 그룹으로 이동...
2026-03-24 13:02:42 [INFO] DefRunner:   [runner_basic/2014] 11페이지: 4행
2026-03-24 13:02:42 [INFO] DefRunner: [runner_basic] 2014년 전체: 304행
2026-03-24 13:02:43 [INFO] data_parser: [runner_basic] 데이터 정제 시작 (304개 행)
2026-03-24 13:02:43 [INFO] data_parser: [runner_basic] 데이터 정제 완료 — 304행 × 12열, 숫자 컬럼 9개
2026-03-24 13:02:43 [INFO] SQLiteStorage: SQLite 저장 완료: kbo_runner_basic_2014 (304행)
2026-03-24 13:02:43 [INFO] DefRunner: [runner_basic] 2014년 완료: 304행 → kbo_runner_basic_2014
2026-03-24 13:02:44 [INFO] DefRunner: [runner_basic] 2015년 수집 시작
2026-03-24 13:02:44 [INFO] DefRunner: [runner_basic] 2015년 1페이지: 30행
2026-03-24 13:02:44 [INFO] DefRunner:   [runner_basic/2015] 2페이지...
2026-03-24 13:02:45 [INFO] DefRunner:   [runner_basic/2015] 3페이지...
2026-03-24 13:02:45 [INFO] DefRunner:   [runner_basic/2015] 4페이지...
2026-03-24 13:02:46 [INFO] DefRunner:   [runner_basic/2015] 5페이지...
2026-03-24 13:02:46 [INFO] DefRunner:   [runner_basic/2015] 다음 페이지 그룹으로 이동...
2026-03-24 13:02:47 [INFO] DefRunner:   [runner_basic/2015] 6페이지: 30행
2026-03-24 13:02:47 [INFO] DefRunner:   [runner_basic/2015] 7페이지...
2026-03-24 13:02:48 [INFO] DefRunner:   [runner_basic/2015] 8페이지...
2026-03-24 13:02:48 [INFO] DefRunner:   [runner_basic/2015] 9페이지...
2026-03-24 13:02:49 [INFO] DefRunner:   [runner_basic/2015] 10페이지...
2026-03-24 13:02:49 [INFO] DefRunner:   [runner_basic/2015] 다음 페이지 그룹으로 이동...
2026-03-24 13:02:50 [INFO] DefRunner:   [runner_basic/2015] 11페이지: 30행
2026-03-24 13:02:50 [INFO] DefRunner:   [runner_basic/2015] 12페이지...
2026-03-24 13:02:50 [INFO] DefRunner:   [runner_basic/2015] 13페이지...
2026-03-24 13:02:51 [INFO] DefRunner: [runner_basic] 2015년 전체: 379행
2026-03-24 13:02:52 [INFO] data_parser: [runner_basic] 데이터 정제 시작 (379개 행)
2026-03-24 13:02:52 [INFO] data_parser: [runner_basic] 데이터 정제 완료 — 379행 × 12열, 숫자 컬럼 9개
2026-03-24 13:02:52 [INFO] SQLiteStorage: SQLite 저장 완료: kbo_runner_basic_2015 (379행)
2026-03-24 13:02:52 [INFO] DefRunner: [runner_basic] 2015년 완료: 379행 → kbo_runner_basic_2015
2026-03-24 13:02:53 [INFO] DefRunner: [runner_basic] 2016년 수집 시작
2026-03-24 13:02:53 [INFO] DefRunner: [runner_basic] 2016년 1페이지: 30행
2026-03-24 13:02:53 [INFO] DefRunner:   [runner_basic/2016] 2페이지...
2026-03-24 13:02:53 [INFO] DefRunner:   [runner_basic/2016] 3페이지...
2026-03-24 13:02:54 [INFO] DefRunner:   [runner_basic/2016] 4페이지...
2026-03-24 13:02:54 [INFO] DefRunner:   [runner_basic/2016] 5페이지...
2026-03-24 13:02:55 [INFO] DefRunner:   [runner_basic/2016] 다음 페이지 그룹으로 이동...
2026-03-24 13:02:56 [INFO] DefRunner:   [runner_basic/2016] 6페이지: 30행
2026-03-24 13:02:56 [INFO] DefRunner:   [runner_basic/2016] 7페이지...
2026-03-24 13:02:56 [INFO] DefRunner:   [runner_basic/2016] 8페이지...
2026-03-24 13:02:57 [INFO] DefRunner:   [runner_basic/2016] 9페이지...
2026-03-24 13:02:57 [INFO] DefRunner:   [runner_basic/2016] 10페이지...
2026-03-24 13:02:58 [INFO] DefRunner:   [runner_basic/2016] 다음 페이지 그룹으로 이동...
2026-03-24 13:02:59 [INFO] DefRunner:   [runner_basic/2016] 11페이지: 30행
2026-03-24 13:02:59 [INFO] DefRunner:   [runner_basic/2016] 12페이지...
2026-03-24 13:02:59 [INFO] DefRunner:   [runner_basic/2016] 13페이지...
2026-03-24 13:03:00 [INFO] DefRunner: [runner_basic] 2016년 전체: 378행
2026-03-24 13:03:00 [INFO] data_parser: [runner_basic] 데이터 정제 시작 (378개 행)
2026-03-24 13:03:00 [INFO] data_parser: [runner_basic] 데이터 정제 완료 — 378행 × 12열, 숫자 컬럼 9개
2026-03-24 13:03:00 [INFO] SQLiteStorage: SQLite 저장 완료: kbo_runner_basic_2016 (378행)
2026-03-24 13:03:00 [INFO] DefRunner: [runner_basic] 2016년 완료: 378행 → kbo_runner_basic_2016
2026-03-24 13:03:01 [INFO] DefRunner: [runner_basic] 2017년 수집 시작
2026-03-24 13:03:01 [INFO] DefRunner: [runner_basic] 2017년 1페이지: 30행
2026-03-24 13:03:01 [INFO] DefRunner:   [runner_basic/2017] 2페이지...
2026-03-24 13:03:02 [INFO] DefRunner:   [runner_basic/2017] 3페이지...
2026-03-24 13:03:03 [INFO] DefRunner:   [runner_basic/2017] 4페이지...
2026-03-24 13:03:03 [INFO] DefRunner:   [runner_basic/2017] 5페이지...
2026-03-24 13:03:04 [INFO] DefRunner:   [runner_basic/2017] 다음 페이지 그룹으로 이동...
2026-03-24 13:03:04 [INFO] DefRunner:   [runner_basic/2017] 6페이지: 30행
2026-03-24 13:03:04 [INFO] DefRunner:   [runner_basic/2017] 7페이지...
2026-03-24 13:03:05 [INFO] DefRunner:   [runner_basic/2017] 8페이지...
2026-03-24 13:03:05 [INFO] DefRunner:   [runner_basic/2017] 9페이지...
2026-03-24 13:03:06 [INFO] DefRunner:   [runner_basic/2017] 10페이지...
2026-03-24 13:03:07 [INFO] DefRunner:   [runner_basic/2017] 다음 페이지 그룹으로 이동...
2026-03-24 13:03:07 [INFO] DefRunner:   [runner_basic/2017] 11페이지: 30행
2026-03-24 13:03:07 [INFO] DefRunner:   [runner_basic/2017] 12페이지...
2026-03-24 13:03:08 [INFO] DefRunner: [runner_basic] 2017년 전체: 360행
2026-03-24 13:03:08 [INFO] data_parser: [runner_basic] 데이터 정제 시작 (360개 행)
2026-03-24 13:03:08 [INFO] data_parser: [runner_basic] 데이터 정제 완료 — 360행 × 12열, 숫자 컬럼 9개
2026-03-24 13:03:08 [INFO] SQLiteStorage: SQLite 저장 완료: kbo_runner_basic_2017 (360행)
2026-03-24 13:03:08 [INFO] DefRunner: [runner_basic] 2017년 완료: 360행 → kbo_runner_basic_2017
2026-03-24 13:03:09 [INFO] DefRunner: [runner_basic] 2018년 수집 시작
2026-03-24 13:03:09 [INFO] DefRunner: [runner_basic] 2018년 1페이지: 30행
2026-03-24 13:03:09 [INFO] DefRunner:   [runner_basic/2018] 2페이지...
2026-03-24 13:03:10 [INFO] DefRunner:   [runner_basic/2018] 3페이지...
2026-03-24 13:03:11 [INFO] DefRunner:   [runner_basic/2018] 4페이지...
2026-03-24 13:03:11 [INFO] DefRunner:   [runner_basic/2018] 5페이지...
2026-03-24 13:03:12 [INFO] DefRunner:   [runner_basic/2018] 다음 페이지 그룹으로 이동...
2026-03-24 13:03:12 [INFO] DefRunner:   [runner_basic/2018] 6페이지: 30행
2026-03-24 13:03:12 [INFO] DefRunner:   [runner_basic/2018] 7페이지...
2026-03-24 13:03:13 [INFO] DefRunner:   [runner_basic/2018] 8페이지...
2026-03-24 13:03:13 [INFO] DefRunner:   [runner_basic/2018] 9페이지...
2026-03-24 13:03:14 [INFO] DefRunner:   [runner_basic/2018] 10페이지...
2026-03-24 13:03:15 [INFO] DefRunner:   [runner_basic/2018] 다음 페이지 그룹으로 이동...
2026-03-24 13:03:15 [INFO] DefRunner:   [runner_basic/2018] 11페이지: 30행
2026-03-24 13:03:15 [INFO] DefRunner:   [runner_basic/2018] 12페이지...
2026-03-24 13:03:16 [INFO] DefRunner: [runner_basic] 2018년 전체: 331행
2026-03-24 13:03:16 [INFO] data_parser: [runner_basic] 데이터 정제 시작 (331개 행)
2026-03-24 13:03:16 [INFO] data_parser: [runner_basic] 데이터 정제 완료 — 331행 × 12열, 숫자 컬럼 9개
2026-03-24 13:03:16 [INFO] SQLiteStorage: SQLite 저장 완료: kbo_runner_basic_2018 (331행)
2026-03-24 13:03:16 [INFO] DefRunner: [runner_basic] 2018년 완료: 331행 → kbo_runner_basic_2018
2026-03-24 13:03:17 [INFO] DefRunner: [runner_basic] 2019년 수집 시작
2026-03-24 13:03:18 [INFO] DefRunner: [runner_basic] 2019년 1페이지: 30행
2026-03-24 13:03:18 [INFO] DefRunner:   [runner_basic/2019] 2페이지...
2026-03-24 13:03:18 [INFO] DefRunner:   [runner_basic/2019] 3페이지...
2026-03-24 13:03:19 [INFO] DefRunner:   [runner_basic/2019] 4페이지...
2026-03-24 13:03:19 [INFO] DefRunner:   [runner_basic/2019] 5페이지...
2026-03-24 13:03:20 [INFO] DefRunner:   [runner_basic/2019] 다음 페이지 그룹으로 이동...
2026-03-24 13:03:20 [INFO] DefRunner:   [runner_basic/2019] 6페이지: 30행
2026-03-24 13:03:20 [INFO] DefRunner:   [runner_basic/2019] 7페이지...
2026-03-24 13:03:21 [INFO] DefRunner:   [runner_basic/2019] 8페이지...
2026-03-24 13:03:22 [INFO] DefRunner:   [runner_basic/2019] 9페이지...
2026-03-24 13:03:22 [INFO] DefRunner:   [runner_basic/2019] 10페이지...
2026-03-24 13:03:23 [INFO] DefRunner:   [runner_basic/2019] 다음 페이지 그룹으로 이동...
2026-03-24 13:03:23 [INFO] DefRunner:   [runner_basic/2019] 11페이지: 30행
2026-03-24 13:03:23 [INFO] DefRunner:   [runner_basic/2019] 12페이지...
2026-03-24 13:03:24 [INFO] DefRunner: [runner_basic] 2019년 전체: 353행
2026-03-24 13:03:24 [INFO] data_parser: [runner_basic] 데이터 정제 시작 (353개 행)
2026-03-24 13:03:24 [INFO] data_parser: [runner_basic] 데이터 정제 완료 — 353행 × 12열, 숫자 컬럼 9개
2026-03-24 13:03:24 [INFO] SQLiteStorage: SQLite 저장 완료: kbo_runner_basic_2019 (353행)
2026-03-24 13:03:24 [INFO] DefRunner: [runner_basic] 2019년 완료: 353행 → kbo_runner_basic_2019
2026-03-24 13:03:25 [INFO] DefRunner: [runner_basic] 2020년 수집 시작
2026-03-24 13:03:26 [INFO] DefRunner: [runner_basic] 2020년 1페이지: 30행
2026-03-24 13:03:26 [INFO] DefRunner:   [runner_basic/2020] 2페이지...
2026-03-24 13:03:26 [INFO] DefRunner:   [runner_basic/2020] 3페이지...
2026-03-24 13:03:27 [INFO] DefRunner:   [runner_basic/2020] 4페이지...
2026-03-24 13:03:27 [INFO] DefRunner:   [runner_basic/2020] 5페이지...
2026-03-24 13:03:28 [INFO] DefRunner:   [runner_basic/2020] 다음 페이지 그룹으로 이동...
2026-03-24 13:03:28 [INFO] DefRunner:   [runner_basic/2020] 6페이지: 30행
2026-03-24 13:03:28 [INFO] DefRunner:   [runner_basic/2020] 7페이지...
2026-03-24 13:03:29 [INFO] DefRunner:   [runner_basic/2020] 8페이지...
2026-03-24 13:03:30 [INFO] DefRunner:   [runner_basic/2020] 9페이지...
2026-03-24 13:03:30 [INFO] DefRunner:   [runner_basic/2020] 10페이지...
2026-03-24 13:03:31 [INFO] DefRunner:   [runner_basic/2020] 다음 페이지 그룹으로 이동...
2026-03-24 13:03:31 [INFO] DefRunner:   [runner_basic/2020] 11페이지: 30행
2026-03-24 13:03:31 [INFO] DefRunner:   [runner_basic/2020] 12페이지...
2026-03-24 13:03:32 [INFO] DefRunner:   [runner_basic/2020] 13페이지...
2026-03-24 13:03:32 [INFO] DefRunner: [runner_basic] 2020년 전체: 373행
2026-03-24 13:03:33 [INFO] data_parser: [runner_basic] 데이터 정제 시작 (373개 행)
2026-03-24 13:03:33 [INFO] data_parser: [runner_basic] 데이터 정제 완료 — 373행 × 12열, 숫자 컬럼 9개
2026-03-24 13:03:33 [INFO] SQLiteStorage: SQLite 저장 완료: kbo_runner_basic_2020 (373행)
2026-03-24 13:03:33 [INFO] DefRunner: [runner_basic] 2020년 완료: 373행 → kbo_runner_basic_2020
2026-03-24 13:03:34 [INFO] DefRunner: [runner_basic] 2021년 수집 시작
2026-03-24 13:03:34 [INFO] DefRunner: [runner_basic] 2021년 1페이지: 30행
2026-03-24 13:03:34 [INFO] DefRunner:   [runner_basic/2021] 2페이지...
2026-03-24 13:03:35 [INFO] DefRunner:   [runner_basic/2021] 3페이지...
2026-03-24 13:03:35 [INFO] DefRunner:   [runner_basic/2021] 4페이지...
2026-03-24 13:03:36 [INFO] DefRunner:   [runner_basic/2021] 5페이지...
2026-03-24 13:03:36 [INFO] DefRunner:   [runner_basic/2021] 다음 페이지 그룹으로 이동...
2026-03-24 13:03:37 [INFO] DefRunner:   [runner_basic/2021] 6페이지: 30행
2026-03-24 13:03:37 [INFO] DefRunner:   [runner_basic/2021] 7페이지...
2026-03-24 13:03:38 [INFO] DefRunner:   [runner_basic/2021] 8페이지...
2026-03-24 13:03:38 [INFO] DefRunner:   [runner_basic/2021] 9페이지...
2026-03-24 13:03:39 [INFO] DefRunner:   [runner_basic/2021] 10페이지...
2026-03-24 13:03:39 [INFO] DefRunner:   [runner_basic/2021] 다음 페이지 그룹으로 이동...
2026-03-24 13:03:40 [INFO] DefRunner:   [runner_basic/2021] 11페이지: 30행
2026-03-24 13:03:40 [INFO] DefRunner:   [runner_basic/2021] 12페이지...
2026-03-24 13:03:40 [INFO] DefRunner:   [runner_basic/2021] 13페이지...
2026-03-24 13:03:41 [INFO] DefRunner:   [runner_basic/2021] 14페이지...
2026-03-24 13:03:41 [INFO] DefRunner: [runner_basic] 2021년 전체: 394행
2026-03-24 13:03:42 [INFO] data_parser: [runner_basic] 데이터 정제 시작 (394개 행)
2026-03-24 13:03:42 [INFO] data_parser: [runner_basic] 데이터 정제 완료 — 394행 × 12열, 숫자 컬럼 9개
2026-03-24 13:03:42 [INFO] SQLiteStorage: SQLite 저장 완료: kbo_runner_basic_2021 (394행)
2026-03-24 13:03:42 [INFO] DefRunner: [runner_basic] 2021년 완료: 394행 → kbo_runner_basic_2021
2026-03-24 13:03:43 [INFO] DefRunner: [runner_basic] 2022년 수집 시작
2026-03-24 13:03:43 [INFO] DefRunner: [runner_basic] 2022년 1페이지: 30행
2026-03-24 13:03:43 [INFO] DefRunner:   [runner_basic/2022] 2페이지...
2026-03-24 13:03:44 [INFO] DefRunner:   [runner_basic/2022] 3페이지...
2026-03-24 13:03:44 [INFO] DefRunner:   [runner_basic/2022] 4페이지...
2026-03-24 13:03:45 [INFO] DefRunner:   [runner_basic/2022] 5페이지...
2026-03-24 13:03:45 [INFO] DefRunner:   [runner_basic/2022] 다음 페이지 그룹으로 이동...
2026-03-24 13:03:46 [INFO] DefRunner:   [runner_basic/2022] 6페이지: 30행
2026-03-24 13:03:46 [INFO] DefRunner:   [runner_basic/2022] 7페이지...
2026-03-24 13:03:46 [INFO] DefRunner:   [runner_basic/2022] 8페이지...
2026-03-24 13:03:47 [INFO] DefRunner:   [runner_basic/2022] 9페이지...
2026-03-24 13:03:48 [INFO] DefRunner:   [runner_basic/2022] 10페이지...
2026-03-24 13:03:48 [INFO] DefRunner:   [runner_basic/2022] 다음 페이지 그룹으로 이동...
2026-03-24 13:03:49 [INFO] DefRunner:   [runner_basic/2022] 11페이지: 30행
2026-03-24 13:03:49 [INFO] DefRunner:   [runner_basic/2022] 12페이지...
2026-03-24 13:03:49 [INFO] DefRunner: [runner_basic] 2022년 전체: 356행
2026-03-24 13:03:50 [INFO] data_parser: [runner_basic] 데이터 정제 시작 (356개 행)
2026-03-24 13:03:50 [INFO] data_parser: [runner_basic] 데이터 정제 완료 — 356행 × 12열, 숫자 컬럼 9개
2026-03-24 13:03:50 [INFO] SQLiteStorage: SQLite 저장 완료: kbo_runner_basic_2022 (356행)
2026-03-24 13:03:50 [INFO] DefRunner: [runner_basic] 2022년 완료: 356행 → kbo_runner_basic_2022
2026-03-24 13:03:51 [INFO] DefRunner: [runner_basic] 2023년 수집 시작
2026-03-24 13:03:51 [INFO] DefRunner: [runner_basic] 2023년 1페이지: 30행
2026-03-24 13:03:51 [INFO] DefRunner:   [runner_basic/2023] 2페이지...
2026-03-24 13:03:52 [INFO] DefRunner:   [runner_basic/2023] 3페이지...
2026-03-24 13:03:52 [INFO] DefRunner:   [runner_basic/2023] 4페이지...
2026-03-24 13:03:53 [INFO] DefRunner:   [runner_basic/2023] 5페이지...
2026-03-24 13:03:53 [INFO] DefRunner:   [runner_basic/2023] 다음 페이지 그룹으로 이동...
2026-03-24 13:03:54 [INFO] DefRunner:   [runner_basic/2023] 6페이지: 30행
2026-03-24 13:03:54 [INFO] DefRunner:   [runner_basic/2023] 7페이지...
2026-03-24 13:03:55 [INFO] DefRunner:   [runner_basic/2023] 8페이지...
2026-03-24 13:03:55 [INFO] DefRunner:   [runner_basic/2023] 9페이지...
2026-03-24 13:03:56 [INFO] DefRunner:   [runner_basic/2023] 10페이지...
2026-03-24 13:03:56 [INFO] DefRunner:   [runner_basic/2023] 다음 페이지 그룹으로 이동...
2026-03-24 13:03:57 [INFO] DefRunner:   [runner_basic/2023] 11페이지: 30행
2026-03-24 13:03:57 [INFO] DefRunner:   [runner_basic/2023] 12페이지...
2026-03-24 13:03:57 [INFO] DefRunner:   [runner_basic/2023] 13페이지...
2026-03-24 13:03:58 [INFO] DefRunner: [runner_basic] 2023년 전체: 366행
2026-03-24 13:03:58 [INFO] data_parser: [runner_basic] 데이터 정제 시작 (366개 행)
2026-03-24 13:03:58 [INFO] data_parser: [runner_basic] 데이터 정제 완료 — 366행 × 12열, 숫자 컬럼 9개
2026-03-24 13:03:58 [INFO] SQLiteStorage: SQLite 저장 완료: kbo_runner_basic_2023 (366행)
2026-03-24 13:03:58 [INFO] DefRunner: [runner_basic] 2023년 완료: 366행 → kbo_runner_basic_2023
2026-03-24 13:03:59 [INFO] DefRunner: [runner_basic] 2024년 수집 시작
2026-03-24 13:04:00 [INFO] DefRunner: [runner_basic] 2024년 1페이지: 30행
2026-03-24 13:04:00 [INFO] DefRunner:   [runner_basic/2024] 2페이지...
2026-03-24 13:04:00 [INFO] DefRunner:   [runner_basic/2024] 3페이지...
2026-03-24 13:04:01 [INFO] DefRunner:   [runner_basic/2024] 4페이지...
2026-03-24 13:04:01 [INFO] DefRunner:   [runner_basic/2024] 5페이지...
2026-03-24 13:04:02 [INFO] DefRunner:   [runner_basic/2024] 다음 페이지 그룹으로 이동...
2026-03-24 13:04:02 [INFO] DefRunner:   [runner_basic/2024] 6페이지: 30행
2026-03-24 13:04:02 [INFO] DefRunner:   [runner_basic/2024] 7페이지...
2026-03-24 13:04:03 [INFO] DefRunner:   [runner_basic/2024] 8페이지...
2026-03-24 13:04:04 [INFO] DefRunner:   [runner_basic/2024] 9페이지...
2026-03-24 13:04:04 [INFO] DefRunner:   [runner_basic/2024] 10페이지...
2026-03-24 13:04:05 [INFO] DefRunner:   [runner_basic/2024] 다음 페이지 그룹으로 이동...
2026-03-24 13:04:05 [INFO] DefRunner:   [runner_basic/2024] 11페이지: 30행
2026-03-24 13:04:05 [INFO] DefRunner:   [runner_basic/2024] 12페이지...
2026-03-24 13:04:06 [INFO] DefRunner:   [runner_basic/2024] 13페이지...
2026-03-24 13:04:06 [INFO] DefRunner: [runner_basic] 2024년 전체: 386행
2026-03-24 13:04:07 [INFO] data_parser: [runner_basic] 데이터 정제 시작 (386개 행)
2026-03-24 13:04:07 [INFO] data_parser: [runner_basic] 데이터 정제 완료 — 386행 × 12열, 숫자 컬럼 9개
2026-03-24 13:04:07 [INFO] SQLiteStorage: SQLite 저장 완료: kbo_runner_basic_2024 (386행)
2026-03-24 13:04:07 [INFO] DefRunner: [runner_basic] 2024년 완료: 386행 → kbo_runner_basic_2024
2026-03-24 13:04:08 [INFO] DefRunner: 
[runner_basic] 결과: 성공 24, 실패 0
2026-03-24 13:04:08 [INFO] SQLiteStorage: SQLite 연결 종료
